S.N,Batch Count,Total Order,URL,Title,Length,Time Taken(ms),Render Time (ms)
1,0,2,https://www.grupoholguera.com,GRUPO HOLGUERA BIENES RAICES,78413,5571,5546
2,0,3,http://www.dronacharyaacademy.co.in,Home,37282,1905,1887
3,1,4,https://tamerakdesign.com,Tamera K Designs,151382,3052,3011
4,1,5,https://www.oxygen360.com.au,Oxygen360 – Creative and Media Agency,39546,4872,4854
5,1,7,https://www.westcoastdancearts.com,Home | WestCoastDanceArts,875407,2723,2686
6,2,8,https://www.totallyu.co.uk,Hair | Totally U | Middleton,775199,3784,3745
7,2,9,https://www.rinologiayolfato.com,Rinoplastia | Rinologia y Olfato Doctor Mariño | Comunidad de Madrid,965886,4679,4623
8,2,11,https://norbutmfg.com,Norbut Manufacturing – Custom Elastic Products for Industries Around the World.,88560,4989,4970
9,3,12,https://www.kinnelaw.com,Kinne IP Group,3083,4448,4432
10,3,13,https://www.fernandawr.com,Fernanda Walker - Portfolio,86961,5533,5517
11,3,14,http://www.fahrschule-frey.de,Fahrschule Frey - Startseite,39739,5785,5762
12,3,15,https://www.futurephysio.com,Physiotherapy and Sports Performance - Future Physio,46128,5843,5826
13,4,16,https://www.osteopathcanada.com,Home | General Osteopathic Council of Ontario,366546,4018,3992
14,4,17,http://www.h2ocreations.co.uk,Error or No Title,18480,4998,4964
15,5,20,https://www.familyabusesheltermc.org,Family Abuse Shelter of Miami County | Troy Ohio,924336,2565,2526
16,5,21,https://uuq-optic.com,UUQ Optics | Rifle Scopes Red Dots Boresighters Bipods & More,519915,5910,5865
17,5,23,https://www.thevictoriasurbiton.co.uk,Home - Victoria Surbiton,161688,3025,2925
18,6,24,http://suhhani.com,㈜서한공업,393894,4342,4320
19,6,25,https://palotagumi.hu,Non Stop Autószerviz | 0-24 | Gumszerviz futómű állítás autómentés,197849,6220,6192
20,6,26,https://www.taxi22000.at,Taxi 22000 in Wiener Neustadt,109747,7789,7765
21,6,27,https://www.qualitysourcingglobal.com,Sourcing Agents In India Quality Control Service Handicraft Sourcing Agent Indian Sourcing Agent Jodhpur Handicraft Exporter,111838,2745,2726
22,7,30,http://www.samuelmarwit.com,Samuelmarwit.com,17539,8564,8552
23,7,31,http://www.grossepointehomes.com,Grosse Pointe Real Estate - Homes For Sale Grosse Pointe Mic,17200,5251,5240
24,8,32,https://gardasee.bio,Gardasee Bio – die besten nachhaltigen Adressen in der Gardasee-Region,53774,4826,4810
25,8,33,https://www.cmjc.cl,Empresa de Arriendo de Maquinarias para Obras Civiles,18574,9094,9082
26,8,34,http://fachpflegedienst-airflow.de,Fachpflegedienst Airflow,46710,2603,2590
27,9,36,http://www.horizonmagnet.com,Magnetic Solutions: Neodymium Magnet Precast Concrete Magnet Manufacturer - Horizon,44344,6975,6960
28,9,37,http://www.reflexsourcing.com,Error or No Title,18456,4990,4976
29,9,39,https://www.crossgarsurgery.co.uk,Crossgar Surgery - Information about the doctors surgery opening hours appointments online prescriptions health information and much more,24098,3454,3438
30,10,40,https://www.t3h.cz,T3H – TYPO3 hosting – specializovaný webhosting pro TYPO3 WordPress CS-Cart a GIS řešení,84052,3301,3275
31,10,42,http://www.manutention-levage-grue.fr,Camion grue - plateau grue levage manutention,12560,9677,9663
32,11,44,http://www.annabelleetavern.com,Annabel Lee Tavern,3355,4004,3993
33,11,45,https://www.steveyingling.com,Home - Stephen Yingling - Keller Williams,468303,12746,12728
34,11,47,https://www.grotonfiredept.com,Groton Fire & Rescue,3733,8937,8926
35,12,49,http://www.scion-global.com,::: STERLING iTech Services :::,7264,2868,2855
36,12,50,https://www.lakelightphotography.com,Portrait Headshots Senoir Architecture photographer | Lakelight Phototgraphy | Minneapolis,1043184,8080,8007
37,13,52,https://hcaraujo.pt,H.C. Araújo - Soluções Tecnológicas,1466789,7696,7648
38,13,53,http://rris-insurance.com,Risk Retention Insurance Services,10380,4779,4768
39,14,56,https://www.magie-maverick.com,Magicien 63 PUY-DE-DOME : Magie Clermont-ferrand : Magicien Maverick,23035,4005,3993
40,14,57,http://impulsoradeportiva.com,Impulsora Deportiva 2000 Impulsora Deportiva 2000 | Venta de Uniformes y Accesorios Deportivos,272156,6453,6430
41,14,58,http://www.loretron.com.br,Loretron,9864,9302,9289
42,15,60,http://www.leanderson.com.br,Leanderson Designer Website E-commerce Bragança Paulista SP,346703,9746,9723
43,15,61,https://www.saltspringunited.com,Salt Spring United - Home,20398,6235,6221
44,15,62,https://gnarlyeatstogo.com,Gnarly Eats : 5 % Off | NYBrooklyn 11215,13820,3698,3685
45,15,63,https://positivepants.co.uk,Positive Pants – Put on your Positive Pants!,58896,14648,14628
46,16,64,http://www.manitusolar.com,Manitu Solar: PV distributor in Hungary Poland and Romania. Fronius K2 Trina Solar Hyundai. Manitou Solar,7145,8027,8015
47,16,65,https://www.dowhatworks.co.uk,Burn Out | Do What Works | England,1060059,2281,2242
48,16,66,https://www.solutionsprint.fr,Solution de catalogues d'imprimés personnalisables pour commande en ligne,27506,3159,3145
49,16,67,https://seniorenheim-weihungszell.de,Startseite - Seniorenheim Weihungszell,157304,3487,3473
50,17,70,http://www.campiglioconsulting.com,Campiglio Consulting SRL,1604,3325,3312
51,18,73,https://ikartindy.com,ikart – built to win – easy to maintain – made in Indianapolis,58769,4075,4062
52,18,74,https://www.sakeco.ch,Homepage | localhost,12610,4426,4415
53,18,75,http://www.nwp-ksu.org,NWP-KSU - National Writing Project at Kent State University,39654,3027,3015
54,19,77,http://www.tallerurbanomarbella.com,SUZUKI MARBELLA TALLER URBANO- Servicio Oficial Suzuki IbÃ©rica,3784,3696,3682
55,19,78,https://www.freshsmiles.ca,Dental Hygienist | Fresh Smiles | Etobicoke,566726,2298,2235
56,19,79,https://www.qplusconcept.com,QPLUS CONCEPT,19955,12853,12838
57,20,80,http://zulukvillagehomestay.in,The best homestay of Zuluk at Sikkim,31725,4960,4946
58,20,82,http://permare.net,Per Mare – Chiama (+39) 3341583239,98131,4109,4090
59,20,83,https://www.localmeets.co.uk,localmeets.co.uk | Find Local Singles For Fun and Dating,40482,4191,4170
60,21,86,https://www.ajs-shop.co.uk,AJS Shop Home,59948,2741,2728
61,21,87,https://www.la-maison-eliott.fr,LA MAISON D'ELIOTT - Site internet de La Maison d'Eliott,182469,3710,3690
62,22,89,http://www.sessellust.de,Sessellust - Homepage,2103,2759,2747
63,22,90,http://www.curry-basmati-house.de,Indisches Restaurant in Köln,2582,2616,2605
64,23,92,https://www.wyevalleyrecruitment.com,Home - Wye Valley Recruitment,58383,7231,7214
65,23,94,http://www.jlcwest.com,加拿大28-预测网|加拿大28预测|PC28预测|专注研究走势结果查询网站！,123281,1664,1646
66,23,95,https://rrequestriancenter.com,Home ⋆ R&R Equestrian Center,94975,11311,11292
67,24,96,https://www.soelia.it,Soelia SpA |,345591,7175,7154
68,24,97,https://kentpaintball.co.uk,Kent Paintball – Tunbridge Wells Paintball Center,149539,10936,10910
69,24,98,https://www.theburgerlab.co.uk,The BURGER LAB,150508,5972,5944
70,24,99,http://www.rishabcommerce.com,RCC Educational Group of Institution,12903,4257,4244
71,25,100,https://reliablepod.com,Reliable Print On Demand,197302,4176,4153
72,25,101,https://www.growupmarketing.com.ar,GROWUP - Marketing & Diseño,40197,7141,7125
73,25,102,https://www.richardsonpodiatry.co.uk,Podiatry Services | Richardson Podiatry,353308,2698,2672
74,26,104,http://www.warrtech.com.au,warrtech,67392,7576,7559
75,26,105,https://klinjuryattorneys.com,KL Personal Injury Lawyers serving Boca Raton Vero Beach & Fort Myers,274586,5609,5572
76,26,106,https://www.valoro.pl,Valoro sp. z o.o. - Partnerstwo w inwestycjach,44000,20335,20323
77,26,107,https://www.kangenwaterlondon.co.uk,People everywhere are discovering the life-changing power of Kangen Water® | K. W. Nation LLC. • Binstead Hampshire United Kingdom,389981,8194,8161
78,27,108,http://hilleyconstruction.com,Sample Page - Hilley Construction,25364,5337,5322
79,27,109,http://www.icesindia.com,International Conference & Exhibition Services :: Index,52440,2513,2491
80,28,112,https://leetrainingservices.com,Lees Training Services,53292,1691,1677
81,28,113,https://www.magicalmomentsphotography.co.uk,Maternity newborn family & cakesmash magicalmomentsphotography.co.uk Thatcham England photographer of maternity & newborn images,936825,2349,2313
82,28,114,https://www.tyrematics.com.au,Tyrematics - Taking the Pressure.,5409,2985,2971
83,29,116,https://www.whittlesey-osteopaths.com,Whittlesey Osteopaths Healthcare for the whole family,45194,2553,2540
84,29,118,https://www.lesminipouces.fr,Relais Assistantes Maternelles Les Mini-Pouces - Genas,50758,3721,3706
85,29,119,https://www.vanlocks.co.uk,Van Locks & Van Security Store UK | Van Deadlocks | Van Slamlocks | ArmaPlate | ArmaCat Buy Online | Vanlocks.co.uk - Vanlocks.co.uk,191014,9145,9122
86,30,120,http://www.b2btechno.net,Accueil - B2B Techno - fr,16254,3938,3923
87,30,121,https://www.creative4you.com.pt,Início | Creative4You,207087,3787,3769
88,30,123,http://www.milwaukeeelectric.com,MilwaukeeELECTRIC.com is a strong memorable brandable name. This domain could be yours!,4967,4003,3990
89,31,124,http://www.cliqueetcroque.com,so米体育在线直播·主頁欢迎您,49571,36564,36551
90,31,125,https://www.ing-gesellschaft-hh.de,Ingenieurgesellschaft H+H das Planungsbüro für Gebäudetechnik,21135,2709,2697
91,31,126,https://beginideas.com,Home | BeginIdeas,107340,1540,1527
92,31,127,https://www.michalski-kraus.de,Zahnärzte Dres. Michalski-Paul & Kraus ♥ Wiesloch,16613,2580,2539
93,32,129,https://web-stark.de,Stark im Web | Software + Design + Content von web-stark.de,33247,3654,3642
94,32,130,https://www.internaatvlaamseardennen.be,Internaat Ronse | Internaat Vlaamse Ardennen,20963,2899,2883
95,32,131,http://www.astorplumbingandheating.info,Astor Plumbing and Heating for your home and business plumbing needs,9029,3100,3088
96,33,132,https://www.farwellsfinejewelry.com,Farwell's Fine Jewelry - Home,39493,2664,2650
97,33,134,https://samanthashakiraclarke.com,Corporate & Personal Wellness Consultant | SSC,164946,2104,2086
98,33,135,https://www.ossia.org,Home Page,2536,2559,2546
99,34,136,https://www.tmod.co.uk,Safe Driving Lessons Colchester. High Passing Rates!,17199,2191,2180
100,34,139,https://www.music-shop-polzow.de,DER-GITARREN-DOKTOR Musikinstrumente & Beschallung bei Pasewalk - Musikshop Musikinstrumente bestellen Beschallung Saiteninstrumente Tasteninstrumente Blasinstrumente Drums-u. Percussion,155128,16129,16115
101,35,140,https://www.kfo-bastin.de,Praxis für Kieferorthopädie Walsrode Dr. Sandra Bastin,71017,2650,2634
102,35,141,https://ngbygg.nu,Niclas Gustavsson Bygg & Snickeri AB | Yxlan Stockholm Norrtälje 556780-5303,49875,10558,10541
103,35,142,https://www.designadvisoryservice.co.uk,Architecture Design Advice Cheltenham Gloucestershire,111952,3248,3232
104,35,143,https://tailoredkneads.com,Licensed Massage Therapist - Tailored Kneads,93722,2375,2360
105,36,144,https://www.bricskorea.com,Brics Korea Co. Ltd.,77209,3211,3156
106,36,146,https://manhattantomanagua.com,MANHATTAN TO MANAGUA - Home,48271,6671,6656
107,36,147,https://www.bradglen.co.uk,Brad Glen Voices - Voiceover & voice acting - Brighton UK,573384,2922,2893
108,37,148,https://didrih.com,Доставка еды в офис в Одессе. Заказ еды на дом. Комплексные обеды и бизнес-ланчи с доставкой | Горячий Дидрих,60798,3637,3621
109,37,150,https://www.jimclickjeep.com,Tucson Jeep Dealer in Tucson AZ | Marana Oro Valley Sierra Vista Jeep Dealership Arizona,650728,7625,7541
110,37,151,https://neurosurgery.xyz,Neurosurgery.xyz domain name is for sale. Inquire now.,19659,4762,4738
111,38,152,https://www.autopflege-potsdam.eu,Autopflege Potsdam – Professionelle Autopflege,37581,3281,3268
112,38,153,https://www.globofiat.com.br,Home,288016,9960,9929
113,38,154,https://www.sagradocorazon.net.ar,Sagrado Corazón | Sanatorio de Alta Complejidad,235166,5783,5761
114,39,156,https://www.urgeschichte-zug.ch,Home | Museum für Urgeschichte(n),15931,4006,3995
115,39,157,https://bpec.pl,Strona główna - Brzeskie Przedsiębiorstwo Energetyki Cieplnej Sp. z o.o.,50157,7499,7481
116,39,158,http://fachonet.com,Fachonet – Fachonet,67675,7153,7134
117,39,159,https://gswanson.com,Homepage - G Swanson Construction Inc.,75661,5709,5682
118,40,160,https://www.dr-lucas-bonn.de,Dr. med. Svenja Lucas – Fachärztin für Gynäkologie und Geburtshilfe – Wir sind umgezogen! Sie finden uns im Bonner Talweg 42 53113 Bonn,42248,5496,5483
119,40,161,https://malerfachbetrieb-gruhl.de,Thomas und Robin Gruhl – Denn Qualität ist unsere Leidenschaft!,55678,4489,4476
120,40,162,http://www.wiegel.net,Werbeagentur Wiegel GmbH - Die Agentur für Agrarmarketing - www.wiegel.net,30607,4548,4534
121,40,163,http://www.joannakori.com,Home | Joanna Kori Artist,641661,1773,1745
122,41,165,https://www.serenityblue.co.uk,Serenity Blue | Holistic Healing Therapies | Ballymena Northern Ireland,767384,2002,1969
123,41,167,http://www.indianmetalnalloys.com,Welcome to Indian Metal & Alloys Industries,94702,4017,3995
124,42,168,https://www.dduim.com,DDUIM – DDUIM,70512,6480,6461
125,42,169,https://rodgershairstyling.com,Hair Salon in Johnstown PA | Rodgers Hair Styling,97640,5668,5650
126,42,170,https://www.saniplus-fritzlar.de,Saniplus Handicap Construct - Fritzlar,197038,4572,4554
127,42,171,https://www.boroondarafamilynetwork.org.au,Home - The Boroondara Family Network,9057,2912,2900
128,43,172,http://www.kidgell.com,Kidgell Technologies Ltd - LabManager LIMS and PeakPro CDS Consultants,10308,3682,3669
129,43,174,https://justpolarized.com,Polarized Sunglasses | Men & Women's Styles | Driving Sunglasses – Just Polarized,277370,5399,5368
130,43,175,http://www.gaytantrucking.com,Gaytan Trucking LLC. in San Diego Ca.,1476,2764,2751
131,44,176,https://www.thewiseway.co.uk,Hypnotherapy | The Wiseway | Lewes East Sussex,902483,2112,2075
132,44,177,https://www.eprotax.com,Eprotax – File Taxes from the comfort of your own home,633145,7827,7795
133,44,178,https://www.oosmose.com,OOSMOSE Properties - Votre agence immobilière à Couvin &amp; Chimay,111301,4653,4633
134,44,179,http://northstar.com.tr,Northstar.com.tr,61385,8146,8133
135,45,180,https://travelscotland.com,Error or No Title,14978,10008,9997
136,45,181,https://nutsd.com,Nutricion Aplicada a la Salud y al Deporte – NUTSD,142966,4447,4423
137,45,182,http://www.zumbaconmary.com,Welcome To ZUMBACONMARY.COM - Your Zumba Instructor for Montebello Pico Rivera Downey Alhambra and East Los Angeles!!!,20635,11702,11686
138,45,183,https://www.ihp.com.do,IntelHouse Properties | Asesores Inmobiliarios en Santo Domingo,143407,3426,3409
139,46,184,http://tampadumpsterrental.com,Tampa Dumpster Rental,81978,3629,3606
140,46,185,http://www.avi-ltd.co.uk,BEDFORD PARTS - ASSOCIATED VEHICLE INDUSTRIES (AVI) LTD - Home,129556,13344,13330
141,46,186,https://www.fionatwomey.ie,Fiona Twomey Solicitors,10077,2631,2618
142,46,187,https://resapin.com.es,Resapín,199035,5892,5870
143,47,188,https://www.lenoir-geometre.fr,Géomètre à Ploermel dans le Morbihan - Ronan Lenoir,10166,2641,2630
144,47,190,https://www.greyhousemedia.com,Grey House Media,5298,4625,4610
145,48,192,http://www.premiumclasstransport.fr,Premium Class transport,13333,4155,4142
146,48,193,https://juni-art.com,Juni-Art – Prineville's Print and Design Experts,67862,6116,6102
147,48,194,https://www.dancerlove.org,Home | Dancer Love Foundation,853921,4861,4825
148,49,196,https://www.dn8.uk,ANY-Web,677,4981,4969
149,49,197,https://www.ws-edelstahltechnik.de,WS Edelstahltechnik – ein Unternehmensbereich der KRONEN GmbH,164119,4115,4098
150,50,200,https://www.reruntruckparts.com,Used Freightliner Kenworth International and Peterbilt Parts - ReRun Truck Parts,20443,6977,6963
151,50,203,http://databros.it,Error or No Title,136442,7643,7627
152,51,204,https://www.baldibalmelli.ch,Dr. med. Sandra V. Baldi Balmelli - Chirurgia Plastica Estetica,4038,3155,3141
153,51,205,https://izz2izz.it,IZZ2IZZ corporate - IZZ2IZZ,259051,5804,5785
154,51,206,https://www.speedratings.com,Speed Ratings for Horse Racing,52789,5897,5876
155,52,208,https://www.robertleitnerfan.com,Financial Advisory Network | Scarsdale NY,75140,3783,3757
156,52,210,https://www.teambau-itzum.de,teambau Eigenheime GmbH Itzum – Eine andere WordPress-Site.,223548,8357,8340
157,52,211,https://www.imdance.com,Imagery In Motion Dance Argyle's Premier Dance Studio,928149,3025,2986
158,53,212,https://rescuevac.com,RescueVac Industries,206827,2542,2525
159,53,213,https://robertpetrarca.com,Home - Mr Robert Petrarca MD (Res) FRCOphth MBBS MCOptom BSc (Hons),116674,5867,5847
160,53,214,http://www.mietstudio-a3.de,Home,7471,2653,2641
161,54,216,https://www.bulkatlantic.com,Bulk Atlantic,177494,7835,7819
162,54,217,https://www.ascenter.si,AS Domžale Moto center | AS Domžale Moto center,83451,7419,7400
163,54,218,http://www.reedsburgindependent.com,Reedsburg Independent |,50905,4942,4928
164,54,219,http://www.imperialgem.com,:: Welcome to our site ::,12231,3900,3889
165,55,220,http://www.myfelt.co.uk,myfelt - High-quality Felt Ball Rugs and Felt Accessories,272562,6814,6782
166,55,221,http://www.ospreyribs.com,HOME,21738,5322,5310
167,55,223,https://www.werbewelt-lehmann.de,Startseite - Ihr Plakat- und Außenwerbeprofi - www.werbewelt-lehmann.de,13463,4963,4947
168,56,224,https://www.ngdsonline.org,The North Georgia Dental Society | North Georgia Dental Society,484630,2689,2660
169,56,225,https://www.elevation-cp.com,Elevation Capital Partners : Investissement dans des PME de croissance,47925,4458,4433
170,56,226,http://www.juniorcars.be,Junior Sport & Classic Cars,12621,3335,3320
171,57,228,http://www.sarahapletts.org,Sarah Pletts Dance Theatre - Home,19181,4817,4796
172,57,230,https://impotenceinfocentre.com,Sannidhya Institute & Research Centre,8364,4925,4912
173,58,232,https://www.vgssecurite.fr,Accueil | VGS Vidéosurveillance Gardiennage Sécurité,196299,5359,5342
174,58,233,https://www.totaltrimsolutions.co.uk,Vehicle Upholsterers in Berkshire - Total Trim Solutions,108171,8255,8231
175,58,235,https://www.rubinror.se,Högkvalitativ VVS-service i Tyresö - Rubin Rör AB,85329,3517,3503
176,59,236,https://www.dreitannen-bodenmais.de,Pension Drei Tannen Bodenmais Bayerischer Wald: Pension Bodenmais Drei Tannen Bayerischer Wald - Gästehaus in Bayern,75543,6883,6868
177,59,237,https://www.plasticsurgeryinfrance.co.uk,Docteur Spitalier Plastic Surgeon in Annecy / Geneva,348406,4138,4110
178,59,238,https://www.gisonda.com,Home | ML Gisonda Landscape,315115,2215,2194
179,59,239,https://beauty-zone.ch,Beauty-Zone | Haare & Kosmetik,165818,4952,4932
180,60,241,https://www.kinemuizen.be,Kinemuizen - Het Team,19455,4005,3987
181,60,243,https://www.countrycornerscotland.co.uk,Welcome to Country Corner | Country Corner Scotland,77341,8850,8833
182,61,244,https://sabner.com,Sabner - Precision Parts Manufacturing - Precision Machining,278736,10636,10611
183,61,246,http://www.ricaglass.com.br,Error or No Title,3659,11547,11532
184,62,248,https://www.flaver.co.uk,flaver.co.uk,4591,2945,2921
185,62,249,https://www.yogabristol.co.uk,Yoga classes in Bristol with Gary Osborn-Clarke,58470,2841,2827
186,62,250,https://akeboose.com,AkeBoose - equipment for flexo and gravure printing excellence,334036,4302,4272
187,62,251,http://www.joymoves.it,Joy moves asd - Il tuo Studio di Pilates a Milano situato in zona Solari,359205,18063,18029
188,63,252,https://www.smplumbing.co.uk,SM Plumbing & Property Improvement Services - Home,440813,2031,2004
189,63,253,https://besteestores.com,Home - BEST TEE STORES,147336,14250,14227
190,63,254,https://shadycaferesto.com,Restaurant libanais à Québec - Shady Shish Taouk,275837,6347,6287
191,63,255,https://thegioiduocvinhgia.vn,THẾ GIỚI DƯỢC VINH GIA - Chuyên Thực Phẩm Chức Năng Dược Mỹ Phẩm Mỹ Phẩm,308335,7532,7456
192,64,256,https://www.reitbetrieb-maeder.com,Reitbetrieb Mäder Pferdeweiden im Burgund | Simard | Frankreich,457093,2600,2574
193,64,257,https://contemporaryjudaica.co.uk,Contemporary Judaica - Beautiful Modern Innovative,727544,6374,6312
194,64,259,https://www.greensac.com,Exporter of Foliage Flower Plant Vegetable Fruit Coconut,22006,9799,9776
195,65,260,https://www.ski-elstra.de,SV Grün- Weiß Elstra e.V. - Abteilung Ski Elstra | Alpin Langlauf Downhill am Schwarzenberg,1580,4345,4328
196,65,261,http://www.noralu.fr,Noralu Laon - expert en menuiserie aluminium peinture et serrurerie industrielle,10561,6127,6108
197,65,262,https://www.damp24.de,Wagner Immobilien - Ferienwohnungen und Häuser im Ostseebad Damp,44948,3083,3054
198,65,263,https://www.vibram.co.uk,Vibram Academy - innovative footwear FiveFingers Furoshiki and Sole Factor customisation,1001142,5732,5676
199,66,265,http://www.vanaarsenint.com.br,Sitexpresso › Schneider Montagens Indústriais,2336,8948,8924
200,66,266,https://www.raum-und-tuer.de,Home - raum & tür Bauelemente,44953,3893,3861
201,66,267,https://tolfaccountingny.com,Accounting Service Company | Top Accounting Firms in New York City,237765,7468,7398
202,67,268,http://www.sycamorestudios.co.uk,sycamorestudios.co.uk,4642,2206,2183
203,67,270,https://www.salemartbank.com,Home | Salem Art Bank,2133937,3914,3794
204,67,271,http://www.maplehillwellness.ca,Maple Hill Wellness Dec2017 Home,11450,6530,6510
205,68,272,https://b3digital.com.br,B3 Digital – Site B3 Digital,197329,8681,8647
206,68,275,https://net-toit.be,Nettoyage toiture - belgique - Net Toit,91252,2878,2848
207,69,278,https://imperialchamber.com,Imperial Chamber of Commerce |,185067,4900,4811
208,70,280,https://www.cranialosteopath.co.uk,Cranial Osteopath,179547,4148,4096
209,70,281,https://www.kanuwarafting.com,Rafting in Arequipa | Kanuwa Rafting | Peru,678036,3604,3534
210,70,282,https://www.beule-landtechnik.de,Beule Landtechnik - Ihr Partner für Landwirtschaft Forstwirtschaft und Garten.,400369,3820,3776
211,70,283,https://drnakkaobgyn.com,Error or No Title,16860,3455,3421
212,71,284,https://www.lawyersouthafrica.co.za,Lawyer South Africa - Get Legal Advice & Know Your Rights,30048,3404,3378
213,71,286,https://sunbedforhire.co.uk,Home - Sunbed For Hire,59870,5199,5160
214,71,287,https://www.replacement-gym-cables.com,Replacement Gym Cables,4992,2238,2212
215,72,288,https://materiaisprotecao.pt,Error or No Title,39,1200,1176
216,73,292,http://insung88.co.kr,INSUNG DIAMOND CO. LTD.,49878,8832,8786
217,73,293,http://www.greenbeanvb.com,The domain name greenbeanvb.com is for sale,39144,5428,5406
218,73,295,https://www.zumba-augsburg.com,HOME - Zumba-Augsburg,225931,4399,4353
219,74,296,https://hpcontrol.uk,Hydraulic Pneumatic Control parts and devices HPControl,89932,4497,4456
220,74,297,https://wudao-stralsund.de,Home – WuDao Stralsund – Akademie für asiatische Bewegungskünste und Kung Fu,204417,2423,2377
221,74,299,https://mecinservice.com.br,Mec In Service - fabricação industrial (Ouro Branco - MG),240218,9210,9146
222,75,302,https://www.fibermax.ind.br,Fibermax - Escadas de fibra de vidro,26743,6673,6641
223,76,304,https://www.greenteamsanjoaquin.com,Green Team of San Joaquin: Promoting Sustainability in Our Community,63022,5603,5583
224,76,305,https://www.aviationresources.com.au,HOME | Aviation Resource Gr,951302,3304,3267
225,76,306,https://www.remgen.co.uk,Industrial Painting | Remgen | Cardiff,492774,3042,3016
226,77,310,https://www.waterwarrioralliance.org,Water Warrior Alliance | Marine Debris Removal,1807321,2455,2386
227,78,312,https://wholesalemortgages.net,Wholesale Mortgages,163869,17933,17915
228,78,313,https://www.dodecaden.com,Dodecaden - Production Design - Man Arenas Web Site,5482,3854,3843
229,78,315,https://www.imobiliariapaulopereira.com.br,Paulo Pereira Empreendimentos Imobiliários,240504,6364,6342
230,79,316,https://www.argonandco.com,Argon & Co | Business Management Consultancy Firm,257488,5078,5059
231,80,320,https://www.imobiliariacajamar.com.br,Imobiliária Cajamar | O Imóvel que você procura está aqui !,338381,12977,12957
232,80,321,http://www.mariearmenia.com,mariearmenia.com,7545,4199,4184
233,80,322,http://www.johi.co.uk,Joanne Higginbottom — Music for Film & Television,42818,9881,9866
234,80,323,https://www.the-yoga-garden.co.uk,The Yoga Garden - Yoga in the heart of West Sussex Countryside,1106605,3366,3317
235,81,324,https://www.polizeiseelsorge-pfalz.de,Gemeinsame Polizeiseelsorge im Bistum Speyer und in der Evangelischen Kirche der Pfalz (Protestantische Landeskirche),54857,2587,2573
236,81,325,http://www.x-sales.it,Error or No Title,514,2563,2552
237,81,327,https://beneficioprevidenciario.com.br,Página Principal - Acompanhamos todo o seu processo com o BPC LOAS,41818,6162,6139
238,82,328,https://xyelement.com,XY ELEMENT,682139,4035,3993
239,82,330,https://ibanextgen.com,IBA Next Gen Forum,53503,3154,3137
240,82,331,https://spawebdesign.co.uk,SPA Web Design | Low cost fixed price web design - £1500,126309,9862,9848
241,83,333,https://www.weinbau-zaehner.ch,Rebbau | Weinbau Zähner | Hemishofen,745639,2135,2103
242,83,335,http://www.villaauriemma.it,Villa Auriemma - Il luogo ideale per vivere i tuoi momenti più importanti,14163,5883,5871
243,84,336,https://madisonlawyersgroup.com,​Madison Lawyers Group P.C. - Home,35754,3201,3186
244,84,337,http://www.beam.com.co,Beam Education Solutions – Beam Education Solutions,141999,13055,13041
245,84,338,https://www.designspacearchitects.co.uk,DSA Design Space Architects Yorkshire | RIBA Chartered Practice,63243,4441,4426
246,84,339,https://www.ewanclayton.co.uk,Ewan Clayton,193053,3975,3957
247,85,341,http://www.proiec.com.mx,PROIEC - Inicio,147059,9226,9205
248,85,342,http://www.duoclarinet.com,DUO MUSIC,29026,19512,19499
249,85,343,http://www.ivosanches.com.br,Ivo Sanches Consultoria Imobiliária - Imobiliária em Santos,199249,4902,4866
250,86,344,http://www.italienspecialisten.se,Italienspecialisten | Tips och artiklar om Italien,93994,14389,14375
251,86,345,https://www.reprintpros.com,ReprintPros.com - Home,37370,5303,5290
252,86,347,http://www.fridmanlaw.net,Fridman | Immigration Law,181827,8654,8631
253,87,348,https://www.verkiezingsportal.nl,TSA Verkiezingen - Dé ICT-partner voor uw verkiezingsproces.,55892,17937,17924
254,87,349,https://www.avvocatoballabio.com,Assistenza legale | Albenga SV | Avv. Marco Ballabio,300123,17379,17353
255,87,351,https://www.faroads.com,Faroad SMT LINE PCB Assembly Solution - 2024,337062,8623,8591
256,88,354,https://www.latachedencre.com,La tache d'encre café théâtre à Avignon,91736,5385,5366
257,88,355,https://www.sy2.uk,ANY-Web,677,5267,5252
258,89,357,https://pohutukawaelectrical.co.nz,Pohutukawa Electrical ⚡ Master Electricians Beachlands & Maraetai,107743,2799,2779
259,89,358,https://greenvillefbc.org,Fellowship Bible Church – Greenville TX,33598,1930,1917
260,89,359,https://www.trasplantecapilarfuecolombia.com,Trasplante Implante capilar FUE-Bogota Colombia-Mejor ClinicaTrasplante Capilar,535070,4786,4746
261,90,360,https://duckeggthreads.co.uk,Duck Egg Threads Home -,166240,4281,4264
262,90,361,http://www.islandrenttobuy.com,IslandRentToBuy.com is a strong memorable brandable name. This domain could be yours!,4944,4004,3993
263,90,363,https://gearaid.eu,GEAR AID Europe – GEAR AID EU,172601,4207,4176
264,91,364,https://stickerland.com,Stickers Decals temporary tattoos,213384,6848,6817
265,91,365,http://www.reselleri.ro,reselleri.ro,22880,4639,4622
266,91,366,https://www.expertpsych.co.uk,Medico-Legal Expert Witness Psychologist | Expert Psychological Associates Ltd,914182,3310,3275
267,91,367,https://www.vulkan-etours.de,Vulkan-eTours | Home,27122,4569,4558
268,92,368,http://franvisa.edu.co,FRANVISA,47014,12794,12781
269,92,370,https://lawlorandcompany.com,Lawlor & Company,2834,2907,2892
270,93,372,https://www.kh-mainz.de,Home,27036,7294,7281
271,93,373,https://www.trigoniadesign.com,トリゴニアデザイン事務所 葉山,489029,2170,2138
272,93,374,https://greatlakeswetlands.ca,Great Lakes Wetlands,40336,5578,5512
273,93,375,https://www.ctr-holztechnik.com,Holzbearbeitungsmaschinen gebrauchte und neue: CTR Holztechnik,21237,4548,4534
274,94,376,https://www.proyectoinuk.com,Proyecto INUK - Seguros Solidarios | España,626371,3096,3064
275,94,377,http://www.ikutapress.com,Ikuta Press Bookshop,2630,2655,2643
276,94,378,https://www.kunstraum-friseure.de,Kunstraum Friseure. Inspiriert persönlich anders.,17607,3273,3258
277,94,379,https://www.royallepagetradition.net,Home - Real Estate - Homes for sale in - Royal LePage Tradition,263983,9101,9078
278,95,381,https://www.autohaus-beetzendorf.de,Autowerkstatt Beetzendorf | Autohaus Schulz Inh. Mario Lüttkemüller,107105,8264,8246
279,95,382,https://www.gp-bearing.com.tw,至松企業有限公司,19012,4320,4299
280,95,383,https://www.prunelltalentinmotion.com,Prunell Talent in Motion | Consultora | Tenerife Santa Cruz de Tenerife España,463258,2446,2420
281,96,385,https://www.irzh.com,Check out our sponsor - Kiddo!,27350,2557,2545
282,96,386,https://www.rsfll.com,Rancho Santa Fe Little League > Home,106136,6309,6295
283,96,387,http://www.greenarrow.net,Home Page - Greenarrow,6710,2984,2972
284,97,388,https://www.roberthillfoundation.org,The Robert Hill Foundation - Home,39182,2889,2874
285,97,389,http://www.tk-hudpleie.no,TK Hud og Kropp - Hudpleie i Kristiansand,5862,2652,2640
286,97,390,https://www.steverinkbanden.nl,Bandencentrum Jan Steverink,59743,11210,11195
287,97,391,https://www.kinderkarate-nuernberg.de,Sicherheit für Ihr Kind - kinderkarate-nuernbergs Webseite!,85185,2854,2837
288,98,393,https://www.steves-sizzling-steaks.com,Home,107847,2646,2632
289,98,394,https://www.demrocclothing.com,DemRoc Clothing – "What you Roc?",379627,11177,11154
290,98,395,https://proftek.dk,Fugtsikring og skimmelsanering i København Sjælland og Danmark,158591,10013,9998
291,99,396,https://drb-uk.co.uk,DRB UK - TSG UK Company,91654,6919,6896
292,99,398,http://www.satimed.co.uk,SatiMed Phytocannabinoid Plus Formula Products,47916,9278,9261
293,99,399,https://www.ferienhaus-nordoberpfalz.de,FERIENHAUS NORD-OBERPFALZ – Günstig und komfortabel Übernachten im Herzen von Fichtelgebirge & Steinwald,26728,3993,3979
294,100,400,http://www.homa.co.kr,(주) 호마종합통상,15510,10492,10479
295,100,401,https://misterwater.eu,misterwater – einfach besseres wasser - misterwater®,730314,5130,5099
296,100,402,http://www.nisbetunitedmethodistchurch.org,Default Web Site Page,6980,2490,2467
297,101,406,https://www.english-bull-terrier.co.uk,English Bull Terrier | How to live with and without them,230826,3329,3312
298,102,408,https://itrader.com.ua,The domain name itrader.com.ua is for sale,55959,2540,2524
299,102,409,https://www.disableddates.co.uk,Disabled Dates | Disability Dating For The Enabled UK,56429,4958,4940
300,102,410,https://www.malymnich.cz,Malý mnich,123333,4841,4824
301,102,411,http://www.trabice.com,Error or No Title,89,3399,3385
302,103,412,http://www.greenfieldprimary.net,Greenfield Primary School,15277,2905,2891
303,103,413,http://www.pi-goals.com,Diese Domain wurde bei EDIS registriert! AT,2542,2642,2630
304,103,415,https://www.imstp.org,Home - Immanuel - St. Paul,20798,4357,4342
305,104,417,https://rainbowstoneexport.com,Rainbow Stone Export – A name you can trust upon-We act as our client eyes,733425,14298,14267
306,104,418,https://www.muemmler.de,Kanzlei Rechtsanwälte Mümmler + Kollegen GbR Neumarkt,11094,3237,3226
307,104,419,http://www.sinjungwoo.com,RACOOL,29891,57274,57260
308,105,422,https://greatvenisoncooking.com,Error or No Title,9932,2429,2414
309,105,423,https://www.therealcure.co.uk,British Charcuterie & Cured Meats | The Real Cure,193863,6636,6612
310,106,425,https://www.dvisaoimoveis.com.br,Dvisão Empreendimentos Imobiliários,240307,26330,26306
311,106,426,https://riabilitando.com,Fisioterapista Chieri - Centro fisioterapico - Riabilitando,126973,5966,5950
312,106,427,https://www.betz-erdbau.de,Landingpage - Betz Immobilien,149886,7366,7350
313,107,429,http://rsinternational.in,RS International,12395,2469,2457
314,107,430,https://www.watsonhomesaz.net,Watson Homes AZ,106283,2988,2974
315,107,431,http://www.reitanlage-vibrans.de,Reitanlge-Vibrans.de - Reitanlage Vibrans,24414,4306,4293
316,108,433,https://elyssacorp.com,Elyssa Corporation | Manufacturers of Simple Solution Products,71195,2951,2936
317,108,434,https://chaariten.de,chaariten.de,1414,3929,3916
318,108,435,http://www.leopard.tw,Check out our sponsor - Kiddo!,27364,2918,2906
319,109,436,https://www.woodchestervalleyretirementvillage.co.uk,Cotswold Retirement Village houses cottages apartments owned managed by residents,44140,5318,5305
320,109,437,https://www.atyourplace.co.uk,Quality Training in North East of England from At Your Place,34580,2647,2635
321,109,438,https://databonker.in,DataBonker - Technology AI Gadgets Anime,226232,4282,4224
322,110,440,http://www.containersforsalescotland.co.uk,Shipping containers for sale in Scotland UK,84873,17643,17629
323,110,441,https://www.itdirectory.com.my,Home - IT Directory Malaysia,98702,3765,3745
324,110,443,http://www.ibanne.com,Bureaux à louer - Douala Cameroun,18886,6080,6065
325,111,444,http://www.liuteriadivenezia.com,MV LIUTERIA liuteria di Venezia,99419,4994,4977
326,111,445,https://www.ipfact.nl,IPFact | IT Professionals For Advanced Communication Technology,109569,6396,6378
327,111,446,https://avanti-wines.co.uk,Avanti Wines | Boutique Wine Merchant UK | Buy Wine Online UK,102365,5143,5106
328,111,447,https://www.academy-fahrschule-kehrbach.de,Start | ACADEMY Fahrschule Kehrbach,114380,5002,4984
329,112,448,https://www.sam-kelly.co.uk,beehiiv — The newsletter platform built for growth,723995,13510,13468
330,112,449,https://www.yourelationships.co.uk,Relationship Counselling | Littlehampton Worthing and Arundel | Yourelationships,73789,5018,5004
331,112,450,https://flo-screed.co.uk,Flo Screed UK – Liquid Flooring Specialists South Wales,333898,4173,4153
332,112,451,http://www.laboratorioanalisileo.it,Centro Diagnostico | Laboratorio Analisi Leo -,62384,6513,6491
333,113,452,http://www.wapler-festpreis.de,Christian Wapler - Auktionskatalog,30717,3791,3779
334,113,453,http://www.newportbayclubbocaraton.com,Newport Bay Club in Boca Raton Florida,8737,4980,4964
335,113,455,https://www.fountainsstore.com,Fountains Day Spa,54106,6408,6393
336,114,456,https://greenmachinebmx.com,Green Machine BMX – Bike Store,99145,3417,3402
337,114,457,https://www.rosemountcarspa.com,Rosemount Car Spa - Home,67485,4428,4411
338,114,458,https://www.pamitech.com,Pacific Mind Technologies,8689,5047,5035
339,114,459,https://www.gilgraham.com,Drum lessons Arlington Lexington MA,9692,2574,2553
340,115,463,https://zumbrunn.com,zumbrunn.com - Chris Zumbrunn's personal think tank,165718,3891,3868
341,116,465,http://www.ias-inc.biz,IAS Inc,4788,3845,3832
342,116,466,https://layla.xyz,Layla.xyz domain name is for sale. Inquire now.,19561,4713,4654
343,116,467,https://freehustlercams.com,Radware Captcha Page,17786,3161,3145
344,117,468,https://www.fastmba.com.br,Formação Completa em Liderança e Gestão de Pessoas - FastMBA LEAD,349441,4888,4870
345,117,469,https://www.tankeboken.nu,Bok | Tankeboken | Sverige,540016,2497,2465
346,118,472,https://www.murphyslaw-regensburg.de,Home,355500,2721,2697
347,118,473,https://www.funeraldirectorscambridge.co.uk,Richard Stebbings Family Funeral Directors | Funeral Services | 1 Kendal Court Impington Cambridge CB24 9YS UK,528679,4490,4454
348,118,475,https://www.wertz-immobilien.de,Immobilienmakler Lindau - Wertz IMMOBILIEN GmbH,199280,5795,5771
349,119,476,https://www.beckmann-rechtsanwaelte.de,Beckmann Rechtsanwälte | Dortmund,556970,2476,2439
350,119,477,https://www.rablondon.co.uk,Home,59743,1727,1711
351,119,478,https://www.morganseares.co.uk,HOME | morgan-seares,512341,2996,2962
352,119,479,https://fahrradgeschaeft.org,Fit durch das Jahr mit Ihrem Fahrrad - Mobil und gesund mit Fahrradgeschaeft.org,100587,3410,3373
353,120,480,https://www.pbd-tga.de,PBD - Technische Gebäudeausrüstung,55152,8638,8625
354,120,481,http://www.fsrhomes.com,Home,10803,3493,3479
355,120,482,https://cratia.com,Home - Cratia,123256,8705,8684
356,120,483,https://www.cabinetlamazere.fr,LaMazère - Conseil en Finance d'Entreprise,610416,2666,2632
357,121,484,https://lee-parnell.co.uk,Sports Massage Therapy Haywards Heath - Lee Parnell,121035,9776,9754
358,121,485,https://www.itegogps.com.ar,Itego GPS,105661,20885,20864
359,121,487,https://zumschwarzenschiff.at,Zum Schwarzen Schiff,42253,3700,3685
360,122,488,http://www.shp-europe.com,SELBST STÄNDIG WACHSEN,125822,11098,11054
361,122,489,http://www.nhbccrosby.org,Crosby New Hope Baptist Church |,14231,4732,4719
362,122,490,https://www.redacion.de,re.Dacion,33764,2797,2784
363,122,491,https://www.saga-city.fr,Saga City - Aménageur Lotisseur | La Rochelle - Charente Maritime,119387,7156,7136
364,123,492,https://www.aueverband.de,Wasserverband Große Aue,15078,4387,4356
365,123,493,https://radjamz.com,Rad Jamz - Rad Jamz & Preserves,435238,3253,3212
366,124,496,http://www.algrabros.com,Algra Bros. Developments – building design and development projects.,94446,5494,5475
367,124,497,https://www.drumtrader.co.uk,Free Drum Classifieds to Buy Sell your New or Used Drum Kits,140347,3994,3972
368,124,498,https://www.zumba-titude.fr,Fitness Zumba Pilates Sablé-sur-Sarthe - Zumba'Titude,1026737,3530,3483
369,124,499,https://www.puppetsmagic.co.uk,Puppet Maker for Television and Film - Puppets Magic Studio,36416,3407,3393
370,125,501,https://oshtemorotary.org,Oshtemo Rotary | Service Above Self,459589,12871,12815
371,125,502,https://www.targettruthministries.com,Target Truth Ministries,147030,6365,6345
372,125,503,http://www.relocate2nm.com,Mindy Prokos Real Estate Services - Placitas New Mexico,5132,4989,4976
373,126,504,https://www.lbklawnparty.org,Longboat Key Lawn party | Lbklawnparty.org | Longboat Key,498023,3827,3797
374,126,506,https://www.homepagemeister.com,HomepageMeister - HomepageMeister | Wir erstellen Ihre neue Homepage,423569,4230,4207
375,126,507,https://www.westpotomaccap.com,West Potomac Capital,28912,2107,2088
376,127,508,http://www.zumbawithrena.com,必赢手机官网（海南）有限公司,3743,15747,15732
377,127,509,https://grawerton.pl,Everything for sublimation | GRAWERTON,608460,10076,10042
378,127,510,https://www.fotojal.com,fotojal,110548,3318,3289
379,128,512,https://www.grayhawkllc.com,Home Slideshow | Gray Hawk Construction,17395,3144,3127
380,128,514,https://www.rachelleloganmedia.com,Mannorism Professional | Rachelle Logan Media,1063898,3725,3685
381,128,515,http://www.impactfishing.com,Impactfishing,46231,3671,3655
382,129,517,https://www.listedbuildingrestorations.co.uk,Restoration Of Heritage Buildings in Staffordshire,106240,2327,2310
383,129,518,https://www.easysimunlocker.com,Unlock My Phone Unlocked GSM Phones | Mobile Device Unlock App,3224341,33853,33754
384,129,519,http://www.petergordonjeweller.com.au,Peter Gordon :: Jeweller - exquisite - elegant - timeless,9799,3522,3511
385,130,520,https://www.vanbuh.com,Diseño gráfico y 3D | Vanbúh | Mairena del Aljarafe,1042166,1952,1911
386,130,521,https://www.shortgamegolfacademy.com,Childrens Golf Lessons | Short Game Golf Academy | England,995435,1802,1760
387,130,522,https://www.nwencaustic.com,Northwest encaustic,79675,4339,4322
388,130,523,https://www.imobiliarialedur.com.br,Imobiliária Ledur - Bom Princípio/RS,53867,6164,6150
389,131,525,https://www.iukassel.de,Home | iu-kassel.de,86895,7556,7534
390,131,527,http://www.topvalve.co.kr,Welcome to DAHEUNG,27709,16618,16602
391,132,528,https://balancedlivingcounseling.com,The domain name BalancedLivingCounseling.com is for sale,56241,2001,1979
392,132,529,https://www.stainedglasscoffeehouse.com,55KBET - Mesin slot online terpercaya dealer langsung perusahaan taruhan olahraga online,32297,2601,2577
393,132,531,https://mikroklang.eu,Mikroklang - Mikroklang,96245,7189,7172
394,133,532,https://www.designskills.at,Kreativagentur Designskills,113872,3309,3285
395,133,533,http://grants.com,Grants.com,2982,2915,2903
396,133,534,https://courierservicemanchester.co.uk,Courier Services Manchester | Same Day Courier | Delivery,37879,7283,7269
397,133,535,https://law123.co.uk,Rossides Caine Solicitors,87113,1712,1697
398,134,536,https://www.fdp-saarpfalz.de,Zustimmung der Cookies | VierZwo,15318,4005,3992
399,134,537,https://leonbritton.com,Liverpool Headshot Portrait Wedding Commercial Photographer,271180,5368,5343
400,134,538,https://rubino-restaurant.de,Rubino Restaurant | Italienische Küche Pizzeria Restaurant,58641,6006,5992
401,134,539,http://www.arp.co.kr,에이알,44157,19589,19571
402,135,540,https://www.reillyconstruction.biz,General Contractor Chester County PA | Local Construction Company,49216,5281,5262
403,135,541,https://www.asilonidomoscacieca.it,asilo nido Moscacieca,13829,3846,3834
404,135,542,https://www.nicholasbuildersinc.com,Nicholas Builders,344241,3403,3384
405,135,543,http://www.elektro-mm.de,Elektroinstallation und Kommunikationstechnik Michael Müller in Treuen - Start,9009,2888,2876
406,136,544,http://www.a-ni.com,很抱歉，网站暂时无法访问,5915,9625,9612
407,136,545,https://target.sh,The domain name target.sh is for sale,40779,1698,1685
408,136,546,https://www.riolis.com,RIOLIS - Needlework and Diamond Mosaic kits - New Arrival,44842,8254,8242
409,136,547,http://www.red-res.es,Res. Red Externa de Servicios,98697,6603,6585
410,137,548,http://www.konfuzo.net,Konfuzo Consulting,3905,1881,1869
411,137,550,https://www.yesds.com,Professional Wedding Photography XV  Quinceañeras,132225,5282,5258
412,137,551,http://www.newhampshirerto.com,NewHampshireRTO.com is a strong memorable brandable name. This domain could be yours!,4944,2702,2688
413,138,552,http://www.manpowersolution.co.uk,Manpower | Home,19533,6090,6079
414,138,554,http://team.construction,Team Construction – The solution for your exterior construction needs.,70875,3377,3363
415,138,555,https://www.unitherm.hr,Unitherm Ciglana Cerje Tužno d.d. - Proizvodnja i prodaja opekarskih proizvoda za nosive i pregradne zidove te stropne elemente,24330,4592,4573
416,139,556,https://www.zweiwerk.net,zwei²Werk Architekten - STARTSEITE,34384,3242,3228
417,139,557,https://www.fnimmobilien.de,FN Immobilien Christine Niessen,9337,4150,4138
418,139,559,https://biancablythebooks.com,Bianca Blythe - Author of Delightful Regency Romances,244385,4259,4230
419,140,560,https://www.haustechnik-mkn.de,Haustechnik Markneukirchen Michael Bechert & Uwe Wunderlich GbR,570304,7528,7496
420,140,561,https://www.baldwinglass.com,Window Repair | Baldwin Window & Glass,638177,4388,4352
421,140,562,http://www.new-tech-engineers.com,Error or No Title,16934,3661,3636
422,140,563,http://www.teknikhane.org,Bilim Teknik Teknoloji ve Mühendislik,10582,3610,3598
423,141,565,https://greataptrentals.com,Pet-Friendly | Housing | Units | Great Apartment Rentals,63928,2455,2442
424,141,566,https://tax.group,The domain name tax.group is for sale,48031,2023,2003
425,141,567,https://www.bernsteindevelopment.org,Home | Bernstiendevelopment,738155,3143,3110
426,142,568,http://www.noodleplant.com,Máquina de fideos de China cortadora de fideos máquina de prensa de aceite fabricantes y fábrica de máquinas empacadoras - Zhengzhou Kingdoo Machinery Co. Ltd,25562,32405,32393
427,142,569,http://www.closcarretou.com,Accueil - Clos Carretou,75169,8901,8884
428,142,570,https://www.repairtrax.com,Repair Shop Software,26516,3318,3307
429,142,571,http://www.fotz.co.za,Home,31179,4777,4762
430,143,572,https://www.great-wall.co.uk,Great Wall Chinese Wirral,137315,3666,3637
431,143,573,https://rentinokaloosa.com,Rent In Okaloosa,132702,5497,5482
432,143,574,https://graphopress.nl,graphopress,74353,15890,15877
433,144,577,http://www.rentyourflowers.com,www.rentyourflowers.com / rent / your/ flowers / wedding / party / parties / event / events / weddings / arch / arches / bouquet / silk / fresh / fort myers / florida / southwest / florida / consultant / coordinator / rental / chuppa / huppa / arches/ affordable/,15682,3658,3646
434,144,578,http://www.ibuypropertyonline.com,IBuyPropertyOnline.com is a strong memorable brandable name. This domain could be yours!,4962,2584,2565
435,144,579,https://www.restaurant-xie-almere.nl,Restaurant Xie - Eten bestellen in Almere,308702,6614,6571
436,145,580,http://www.babastudiovizag.com,诸侯快讯ok133-App Store,2777,15477,15464
437,145,581,https://imoveisweb.com.br,Imobiliária Aquários - Chácaras sítios casas terrenos e lotes em Extrema MG e sul de Minas,19493,4990,4976
438,145,582,https://www.ferienwohnung-zur-trolle.de,Willkommen - Ferienwohnung Zur Trolle in Erfurt-Büßleben,78027,2977,2958
439,145,583,http://www.sparenity.co.uk,Dedicated Spa Laundry Detergent System | Sparenity,29226,4939,4919
440,146,584,https://www.dsmodelmakers.com,Professional Miniature Model Makers – Professional Miniature Model Makers,175634,2739,2718
441,146,585,https://massiminodevelopment.com,Massimino Development – BUILDING SUCCESSFUL DEVELOPMENT TEAMS,109103,16411,16390
442,146,586,https://www.grandstrandchurch.org,Grand Strand Church,567440,3593,3550
443,147,588,https://teamkimball.com,The domain name teamkimball.com is for sale,48661,2073,2059
444,147,589,https://saferprisonsnewyork.com,Safer Prisons New York,99781,4284,4261
445,147,591,https://sandtofte.dk,Forside - Kennel Sandtofte,31582,3651,3635
446,148,592,http://granttransport.net,Grant Transport Inc | We Deliver Fast and on Time,13289,11356,11344
447,148,593,https://www.grand.nieruchomosci.pl,Grand Nieruchomości,67933,3161,3146
448,148,595,https://www.sallon-associes-limoges.notaires.fr,Etude de NOTAIRES SAINT SURIN | Notaires à Limoges (87),55127,5856,5840
449,149,596,https://www.andyphotos.co.uk,www.andyphotos.co.ukAndy ArcherWedding PhotographerPortraitsHead shotsStudio in Kent,33577,3581,3564
450,149,597,https://www.roll-former.com,China Metal Ceiling Machine Shelvings Machine Roll forming machine light gauge Steel Framing Machine Suppliers Manufacturers Factory - KINGREAL,46124,3778,3759
451,149,598,http://www.granataagency.com,Granata Agency,49054,4305,4289
452,149,599,https://www.progemar.it,Progemar srl - Progettazione di impianti chimici e farmaceutici,25542,3851,3835
453,150,600,http://www.printmedia.co.in,Best Printing Services | Print Media | Udaipur | Rajasthan,30688,3264,3250
454,150,601,https://www.lipofine.co.uk,Lipofine - Liposuction Surgery London and Bodyshaping,49394,4691,4677
455,150,602,http://www.hermanchang.com.au,HermanChang,5311,3865,3852
456,150,603,https://rentingscotland.org,90phut tv trang xem bóng đá trực tiếp 90 phút wiki,226632,7347,7324
457,151,604,https://www.oshasafetypro.com,Expert Witness,16631,3725,3712
458,151,605,http://www.immanuelmayville.com,Immanuel Ev. Lutheran Church Mayville WI (The River Church),4892,3887,3875
459,151,606,https://www.insurance4performingarts.co.uk,UK Public Liability Insurance For Artists & Events,61869,6261,6240
460,151,607,https://liveitloveitsellit.co.uk,Jules White | Live it Love it Sell it,95562,4757,4743
461,152,610,https://www.stammer-fusspflege.de,Startseite - Fußpflegepraxis und Massagepraxis Britta Stammer,5451,2006,1996
462,152,611,https://strategyb2b.com,Strategy B2B,149321,11669,11654
463,153,612,https://new.town,The domain name New.Town is for sale,54336,2016,2001
464,153,613,http://www.improvinglives.ca,Home,21405,6164,6152
465,153,614,https://www.falafel-top.be,Falafel Top Leuven - Eten bestellen in Leuven,84878,5444,5420
466,153,615,https://www.jlrs.ca,Jeunes Leaders des Relations Saines | JLRS | British Columbia,1065518,3435,3393
467,154,616,http://www.rentwadsworth.com,For Rent in Wadsworth Ohio near Akron,8715,2703,2691
468,154,618,https://rspentertainment.com,RSP Entertainment (DJ Roanoke VA),648,4547,4530
469,155,620,https://www.conspiracysolicitor.co.uk,Criminal Defence Solicitors in Grantham - Conspiracy Solicitor,36432,2867,2822
470,155,621,https://www.taxapps.co.uk,Tax Apps,378230,2720,2697
471,155,622,https://www.mullanplanthire.co.uk,Mullan Group - Plant & Construction Machinery Cars Commercial Vehicles,4976,2168,2154
472,156,625,https://polisor.de,Polisor | Top-Hersteller von Rohrbandschleifer. Handmade in Germany.,275894,19311,19287
473,156,626,https://rentsalinecounty.com,Search Rental Homes in Haskell Benton & Bryant Arkansas,26392,19676,19656
474,156,627,http://www.corinaconcept.com,Corina Schwab,21709,6178,6163
475,157,628,https://www.manualidiofficina.it,- Manuali d'Officina - manuali tecnici di officina per auto e moto,46635,19404,19392
476,157,629,http://www.amighettis.com,Error or No Title,39,2946,2935
477,157,630,https://tradinate.com,Tradinate – We open markets,112656,2716,2702
478,157,631,https://www.herrajesarena.com,Herrajes Arena - Metalurgica Aquiles Tregnaghi S.A.,15072,6449,6436
479,158,632,http://www.americannewage.com,Error or No Title,10316,4048,4002
480,158,633,http://www.genesoft.co.uk,Genesoft - We write code in every flavour!,39128,7338,7325
481,158,634,https://professorpower.co.uk,Free Energy Toys and Gadgets that don't require Electricity to run,262495,6652,6604
482,159,636,http://www.jillswainsonphotography.co.uk,Jill Swainson Photography | Landscape Travel & Golf Photography,77133,9493,9474
483,159,637,https://www.mitzis.co.uk,Mitzi's Hairdressing,313355,2025,2004
484,159,638,https://www.blogaventurejeanclaudeagnes.fr,Accueil - Blog Aventure Jean-Claude & Agnès,213067,4323,4304
485,159,639,https://www.herbalmedicineglasgow.co.uk,Klayr Hunter - Consultant (Herbal Medicine Glasgow),289203,5480,5446
486,160,641,https://riadimmobilier.com,Fatima Riad Courtier immobilier résidentiel et commercial - RE/MAX ROYAL JORDAN,118579,7144,7123
487,160,642,https://www.restaurantaltepost.com,Alte Post Restaurant | Italienisches Restaurant | Mettlen Thurgau,1483270,4274,4221
488,160,643,https://www.leisurehomedecor.com,室內設計 | 悠閒家居設計有限公司 | Hong Kong,472605,3805,3773
489,161,644,https://www.nickfrischmd.com,Dr Nicholas Frisch | Hip Surgeon Michigan | Knee Surgeon Michigan,116911,7777,7751
490,161,645,http://autohaus-laporte.de,Error or No Title,284,3245,3233
491,161,646,https://dr-regis-jouvrot.chirurgiens-dentistes.fr,Dentiste Saint Malo - Dr Régis Jouvrot - Implantologie dentaire,86266,4188,4170
492,161,647,https://www.frenza.ca,Accueil | Frenza Cabinet Conseil,939742,5005,4970
493,162,648,https://www.termaro.de,Startseite - Termaro,4259,2914,2901
494,162,649,https://www.bestchristmasgifts.com,Personalized Christmas Gifts丨Custom Christmas Gifts for Love,581910,7723,7683
495,163,653,https://www.rentippm.com,Idaho Premier Property Management,10293,6523,6511
496,163,655,https://chaosgroupcornwall.co.uk,Home - The CHAOS Group,68573,3544,3527
497,164,656,https://ridgewoodtrailscdd.com,Ridgewood Trails Community Development District – Ridgewood Trails Community Development District,163893,5296,5280
498,164,657,https://www.autohof-klausdorf.de,AUTOVERWERTUNG KIEL - Koch Autoverwertung seit 1978,108819,4398,4371
499,164,658,https://www.cyg.de,Chiemsee Wassersport Schunck,47778,11140,11126
500,164,659,https://www.grandhavenmhoa.com,GHMA - Home,6440,3455,3443
501,165,661,http://www.familyoffice-fbg.com,Family Office | Frankfurter Bankgesellschaft - Family Office,139566,3470,3445
502,165,662,https://mvktechinc.com,Home - mvkus,186306,1468,1453
503,165,663,https://lagamma.it,Batterie E Accumulatori - La Gamma Batterie,250751,5630,5595
504,166,665,https://www.ito.ooo,ITO,74796,3784,3768
505,166,667,https://nutragrove.com,NutraGrove,77144,5505,5488
506,167,668,http://www.rstgfp.net,Rosebud Sioux Tribe Game Fish and Parks � Home,11526,3687,3675
507,167,669,https://www.soc8.co.uk,AHU Natural Ventilation Air Distribution Grilles Diffusers and Louvres Leak Detection Gas Safety Associate Engineering Systems Northern Ireland Ireland,10555,3272,3257
508,167,671,http://www.grundschule-tettens.de,Tetta von Oldersum Schule – Ein Ort um zu lernen und sich wohlzufühlen,133603,5538,5521
509,168,672,http://renewthehope.org,Renew the Hope |,118750,2149,2135
510,168,673,https://www.farbwerkerin.de,Entdecken Sie die moderne Kunst und abstrakte Kunst der farbwerkerin,533872,5974,5947
511,168,674,https://www.marstall.co.uk,Marstall - Premium-Pferdefutter,313838,5412,5385
512,169,676,https://www.nextlevel.builders,Next Level Projects Inc.,60917,7263,7250
513,169,678,https://nikkicapone.com,The domain name nikkicapone.com is for sale,44836,2194,2182
514,170,680,https://www.lashtraining.co.uk,Lashionista Academy | Eyelash Extension Training Courses United Kingdom,940731,1711,1674
515,170,682,https://www.reoaka.org,Alpha Kappa Alpha Sorority Inc.® Rho Eta Omega Chapter | Alpha Kappa Alpha Sorority Inc.® Rho Eta Omega Chapter,35521,4267,4256
516,170,683,https://familywellbeingassociates.com,Family Wellbeing Associates – Family based Therapy Clinic in North Liberty Iowa,189321,2388,2372
517,171,684,https://residentsafety.com,Resident Safety – The cutting edge fall detection and resident monitoring solution,30921,3365,3352
518,171,685,http://www.gident.si,gident.si,158771,6946,6930
519,171,686,https://www.rsum.org,Home | robinson-springs-umc,745524,1760,1728
520,172,688,https://www.so-ads.com,Error or No Title,261,2498,2481
521,172,689,https://catherinecrochets.com,Home - Catherine Crochets,134301,1651,1636
522,172,691,https://www.nexgen-wafer-systems.com,Home | Nexgen Wafer Systems,194530,4213,4197
523,173,692,https://www.smittyslobster.com,Home,191115,3962,3941
524,173,693,https://www.airporttransfersrugeley.co.uk,airport transfer in rugeley,100823,6170,6151
525,173,695,https://itgest.co.mz,Home - ITGest,57171,14001,13985
526,174,696,https://www.barberenterpriseco.com,Barber Enterprise Corporation - Barber Enterprise Corporation,16817,8310,8298
527,174,697,http://www.marco-freiberg.de,Malermeister Marco Freiberg,7014,5155,5140
528,174,698,http://radiokhushkhabri.co.uk,Welcome to Radio Khushkhabri London,84597,3442,3427
529,174,699,https://www.enlightenmentfromgod.org,Home | united-ministries,371238,2890,2866
530,175,700,https://www.studioraggi.it,Elaborazione dati contabili | Casalpusterlengo | Studio Raggi Sas,214082,4684,4666
531,175,701,http://www.nuntiususa.org,2024 - nunciature.usa,44363,5962,5951
532,175,702,https://www.shimmershairsalon.co.uk,Hairdressers in St Helens | Shimmers Hair Salon | England,942795,2461,2423
533,176,704,https://www.sabugosa.com,HOME | Sabugosa Arquitetura,429504,2281,2253
534,176,705,https://ra-reitt.de,Home - Rechtsanwältin Iris Reitt,28369,2846,2833
535,176,706,https://www.roadstudreflectors.com,Road Stud Reflectors Supplier/Manufacturer/Factory,134012,6954,6939
536,176,707,https://www.xn--keramikhtte-0hb.de,KeramikhütteKeramik Struppen Töpferei bei Pirna Keramik Sachsen Struppen,22267,5529,5514
537,177,709,https://www.layovers.amsterdam,Layover in Amsterdam Airport Schiphol -discover the City,125409,7564,7543
538,177,710,http://www.makmurinterpack.com,PT Makmur Interpack,9552,2016,2001
539,177,711,http://www.istvaneszeki.com,Istvan Eszeki Resume - Sales Engineer Estimator Field Representative,9426,3132,3119
540,178,712,https://zurawiec.com,Gościniec Żurawiec,59307,4395,4382
541,178,715,https://www.rentacarclujnapoca.com,N/A - Rent a car (car hire) | cheap rent a car and transfers at best prices.,170837,9341,9323
542,179,716,http://www.tbpskincare.info,Skin Protection and Care | Total Barrier Protection,58054,17957,17943
543,179,717,https://www.bistromiranda.it,Ristorante unico nel suo genere in Orvieto | Bistro Miranda | Italia,933903,4766,4727
544,179,719,http://ivekra.com,ИВЕКРА ЕООД системи за автоматизация и роботизация на процесите,30679,24963,24949
545,180,720,https://www.essentialhomeperformance.com,McKinney HVAC Services | Essential Home Performance,291717,5876,5849
546,180,721,http://www.thedogway.co.uk,Dog Grooming & Training The Dog Way Billingshurst. Sussex,103864,3617,3603
547,180,722,https://www.mangolassi.nl,Mangolassi | Batik Producten,1588670,1847,1787
548,181,724,http://www.travertinoconversi.it,Error or No Title,10817,13722,13710
549,181,726,https://www.itc.group,ITCg,102895,4368,4353
550,181,727,https://www.feedbakery.org,Home | FEED Bakery,882525,1779,1742
551,182,728,https://www.weersgmbh.de,Fenster Türen Tischlerei Elmshorn Weers GmbH,21824,7379,7367
552,182,729,https://www.rupp-dienstleistungen.de,HOME,27269,6096,6081
553,182,731,https://www.kasgardianbks.co.uk,Kasgardian Bookkeeping Services,35213,3593,3581
554,183,732,https://www.goproduccionestecnicas.com,GO Producciones Técnicas,34988,2639,2627
555,183,733,http://www.rapidratemortgage.com,Rapid Rate Mortgage,258447,4118,4095
556,184,736,https://theforest.de,FOREST - Creative Agency | Brand Building Design & Kampagnen,92534,4178,4156
557,184,737,https://www.ldaarch.com,LDA Architects,151606,4291,4272
558,184,738,https://saminasells.com,Real Estate Agent in Ellicott City & Baltimore - Samina Chowdhury,524585,4161,4115
559,185,740,https://www.electricvans.co.uk,Best Electric Van Deals | Electric Van Specialists | Electric Vans,478151,6410,6379
560,185,741,https://www.integrityfloorsystems.com,Home | integrityfloors,359135,2952,2926
561,185,742,https://www.jobarker.co.uk,jobarker,200681,3228,3206
562,185,743,https://www.radiosaomiguelfm.com,Rádio São Miguel Fm,107611,14874,14848
563,186,744,https://www.zahnarztpraxis-teningen.de,Zahnarztpraxis Olga Dehgraf Alemannenstr. 2 A79331 TeningenTel.: 07641 - 2972Fax: 07641 - 52882,12913,3124,3109
564,186,746,https://www.lamarqueatlas.com,LaMarque Atlas,24443,2726,2710
565,186,747,https://www.synerlogic.eu,Working together on the finest products - Synerlogic | Food Feed Chemicals Cleaning,285345,4612,4584
566,187,749,https://ospikaoutfitters.com,Ospika Outfitters,88470,4938,4921
567,187,751,https://www.george-oslage.de,Error or No Title,98324,4674,4651
568,188,752,https://clinicaalpe.com,Alpe Fernández – Instituto de Periodoncia Estética e Implantes,59678,7771,7758
569,188,753,https://schweissdraht-werkstatt.de,Design Metallmöbel und Inneneinrichtung,144537,4629,4606
570,188,754,http://www.kandzora.de,Dr. Johannes Kandzora und Dr. Stephanie Jaster | Kinder- und Jugendärzte,18217,7418,7404
571,188,755,https://www.harrass-immobilien.de,Harrass Immobilien Inh. Harald Harraß e.K. - Startseite,22366,3566,3553
572,189,757,https://www.jayshreeinfosys.co.in,Wholesale Distributor of Computer Accessories & CCTV Accessories by Jayshree Infosys Mumbai,227560,3761,3743
573,189,758,https://www.protokk-software.de,Professionelle Software-Lösungen - protokk software,15396,4146,4135
574,189,759,https://brandwin.co.uk,Digital Agency Manchester | Brandwin Digital,170131,5845,5824
575,190,760,http://www.lilog.com.br,Lilog - Transporte Rodoviário e Aéreo,11486,13547,13532
576,191,764,http://www.peterboehm-haare.de,Peter Böhm - Haare in Schwetzingen Hairstylist Haarstylist Extension Haarverlaengerung,4594,6729,6712
577,191,765,https://ip44.de,Homepage | IP44.DE outside lighting,136977,19394,19370
578,191,766,https://www.bridgenessceramics.com,Hand Painted Tiles UK - Ceramic Picture Tiles UK | Bridgeness Ceramics,45126,5890,5877
579,191,767,http://www.silviadipiazza.com,Silvia Di Piazza,95840,11292,11273
580,192,768,http://www.wgropp.de,Home - W.Gropp seit 1896 in München,8260,4014,3995
581,192,769,https://www.gps.edu.in,Gokuldas Public School,65099,3952,3907
582,192,770,https://www.villacapucine-location-cap-ferret.com,Villa Capucine | lège Cap Ferret | Location grande maison de vacances,485031,3143,3112
583,192,771,https://www.gracelandbuzz.org,Radio | The Graceland Buzz | Lamoni,1129191,3617,3574
584,193,773,http://www.netekcanada.com,Home,16021,3587,3573
585,193,774,http://www.wiremesh-wiremesh.com,Anping Xinzheng Metal Wire mesh Co. Ltd.,19103,4000,3985
586,193,775,https://www.grandparadisesamana.com,Wyndham Alltra Samaná – Samaná – Wyndham Alltra Samaná Resort All Inclusive,24487,5025,5004
587,194,776,https://www.keramik-limeshain.de,Keramik-Keller Limeshain,7672,3590,3575
588,194,778,https://www.isiac.com.ar,Isiac – Consultora Informática – Fábrica de Software,42712,7644,7631
589,194,779,https://www.renukadevimahur.com,Renuka Devi Temple Mahur,62596,4231,4214
590,195,780,https://vbv-hausverwaltung.de,VBV Hausverwaltung – Leverkusen,166579,6671,6656
591,195,781,https://www.rogersarchitectural.com,Architectural Glass Decorative Glass Rogers Architectural,73000,6362,6342
592,195,782,https://www.lehmantherapy.com,Counseling | San Rafael | Lehman Therapy,668894,2255,2226
593,195,783,https://www.jbw-bb.de,Startseite - Jugendbildungswerk Berlin - Brandenburg e.V.,34381,3880,3868
594,196,784,https://boato.ch,Benvenuto - Locanda Boato Bistro & Bed,96011,5555,5539
595,196,785,https://www.samwebdesigner.co.uk,looking for Websites designer in oxford | oxford web design,258547,6866,6846
596,196,786,https://digitalsecured.net,Gestión remota de accesos para apartamentos turísticos - Digital Secured,96272,8175,8159
597,196,787,https://businesspublishinggroup.com.au,Business Publishing Group – Australasia's leading travel and pharmacy publisher,81047,3292,3273
598,197,788,https://zad.com.br,Websites profissionais para o seu negócio – Websites profissionais para empresas e negócios.,95285,4460,4440
599,197,789,https://www.cliquemais.pt,Home - Clique Mais,226574,7096,7074
600,197,791,https://www.studiomobs.it,Studio MOBS - Fisioterapia e Osteopatia a Bresso,189356,11473,11458
601,198,795,https://www.magnum-llc.us,Magnum LLC – Magnum Computer: Computer Recycling in NJ for Certified Business and Household Computer and Electronics Recycling & Computer and Electronics Recycling in New Jersey,191810,7962,7938
602,199,796,http://www.laytonauto.com,LaytonAuto.com is a strong memorable brandable name. This domain could be yours!,4927,2764,2752
603,199,797,https://www.partnerfunds.com,Error or No Title,9674,1685,1638
604,199,798,https://www.tomorrowstoday.co.uk,Managed IT Support Nottingham - Tomorrows Today,196264,3287,3271
605,200,800,http://www.multifamilyduediligence.com,Grande Central Inspect | Property Inspection Software,18529,3748,3691
606,200,802,https://ght-gmbh.com,GHT - Gleis- Hoch- Tief- Baugesellschaft mbH // Startseite,37841,3495,3482
607,200,803,https://www.lerche-biotec.com,Home - Dr. Lerche KG,18690,8094,8080
608,201,804,https://www.rtammphotography.com,HOME - R.Tamm Photography,83502,4197,4182
609,201,806,https://www.frederiksbergkarateskole.dk,Welcome to Frederiksberg Karateskole | Frederiksberg Karateskole,22963,4658,4646
610,202,809,https://www.praxis-fritze.de,Psychotherapie Pinneberg - Melanie Fritze - Psychotherapie Pinneberg - Melanie Fritze,75142,8793,8779
611,202,810,http://www.it-changes.ch,Unsere Ozeanien Reise,8204,4003,3989
612,202,811,https://www.rhodanturismo.com.br,Rhodan Turismo e Viagens | Aluguel de micro onibus,454646,2557,2531
613,203,812,https://luxuryvillaportugal.co.uk,Luxury Villa for sale in Alentejo Portugal,172652,5855,5837
614,203,814,https://davidandrewcoaching.com,Birmingham Coach and Mentor - David Andrew Coaching,212083,10507,10486
615,203,815,https://www.gulftrade.co.uk,Error or No Title,16884,2917,2899
616,204,816,https://www.thumpermassager.uk,The Official Thumper® Massager UK Website,70311,11821,11793
617,204,818,http://balhamremovals.com,Welcome to Balham Removals : Balham Removals,21431,3516,3505
618,204,819,https://jeffwirzrealtygroup.com,Jeff Wirz Realty Group – @ Keller Williams Prestige Properties,316009,3513,3488
619,205,820,https://fahrschule-arndt-oldenburg.de,Fahrschule Arndt in Oldenburg,100070,7398,7383
620,205,822,https://www.car-audio-store.de,Car Audio Store,57424,8931,8917
621,206,824,https://www.run-with-nutrition.com,Run With Nutriton — Healthy Living Begins with a Single Step,76005,3972,3956
622,206,825,http://www.zanfino-total-defense.de,ZANFINO TOTAL DEFENSE - Home,66399,4916,4864
623,206,826,http://moverswestminster.co.uk,Movers Westminster SW1 | Hardworking Team of Movers in SW1,24707,1715,1704
624,207,829,https://www.fofunction.com,Wuhan Fofunction Electronics Co.Ltd,18993,4587,4575
625,207,830,http://www.ishii-aa.com,石井建築事務所,30465,4451,4439
626,207,831,https://rsmproperties.co.uk,Home - RSM Properties - Your Merseyside Property Specialist - For All Your Property Needs,230114,3021,3005
627,208,832,http://www.piromak.hu,Piromák Kft.,4887,3728,3716
628,208,833,https://culture-sante-na.com,Pôle Culture et Santé Nouvelle Aquitaine,136603,4985,4971
629,208,834,https://www.forksofthepaluxy.com,Forks of the Paluxy Farm |,207362,5611,5594
630,208,835,http://www.eifelmusiker.de,Startseite - Eifelmusiker,18898,4384,4373
631,209,838,https://ledgerwallet.co,ledgerwallet.co,140767,3610,3587
632,209,839,https://partiloons.co.uk,Partiloons – For All Your Party Needs,176015,6177,6157
633,210,840,http://www.jai-thai.com,Jai Thai Restaurant and Thai Catering Singapore,199104,3287,3271
634,210,841,https://www.pokecapital.com,POKE CAPITAL | Debt Management.,11395,1678,1667
635,210,842,https://www.leominstertyres.co.uk,John Wood Tyres | Leominster Tyres | Order Now,162809,5595,5577
636,211,845,http://www.ikungfu.net,Kung Fu eBooks,14521,4007,3996
637,211,846,http://www.jannasch.com,heilendes Miteinander - Praxis für heilende Entwicklung und fachärztliche Psychotherapie Dr. med. Evelyn Jannasch - Willkommen,44722,12296,12283
638,211,847,https://www.jubel.co.uk,Jubel | Sound lighting effects and DJ hire Salisbury Wiltshire.,86425,4255,4233
639,212,848,https://igualdad.ar,Fundación Igualdad – Organización LGBTIQ+,240652,13517,13496
640,212,849,https://integralimalat.com,İntegral Mekatronik Mühendislik Makine İmalat – İzmir Fason Kaynak,103189,7780,7761
641,212,850,http://www.gaertnerei-malz.de,Blumenfachgeschäft Glauchau | Gärtnerei Malz,13664,3348,3334
642,212,851,https://leerdoelgestuurdonderwijs.nl,Goaley - Leerdoelgestuurd onderwijs,271,3427,3415
643,213,855,https://alexandrawallace.co.uk,Portrait photography | Alexandra Wallace Photography Sheffield UK,177139,8296,8273
644,214,857,https://www.washinkai.co.uk,Washinkai Karate - More than just kicking and punching | Washinkai,39259,3603,3566
645,214,858,http://www.tananavalleycampgroundandrv.com,HOME | TVSFA Campground RV,613548,3460,3429
646,214,859,https://www.jcrfabric.com,Home | JCR fabric,424844,4073,4045
647,215,860,https://facepaintingcourses.co.uk,Face Painting Courses – Learn how to face paint by professionals,198664,5270,5245
648,215,861,http://www.hphtdiam.com,长葛泌谟电子科技有限公司,1032,10245,10235
649,215,862,https://midtownneurologymd.com,Home | Midtown Neurology MD | Dr. Alina Sharinn | New York City,156124,7472,7449
650,216,864,https://www.miningpro.com.au,Mining Pro,17614,5400,5387
651,216,865,http://www.fefmo.com,FORUM FOR EXCELLENCE FORMER MES OFFICERS,22508,2878,2864
652,216,867,http://www.ravitejprojects.com,Ravitej Projects,308933,19307,19256
653,217,868,https://www.promobalear1.es,Asesores inmobiliarios,195671,21094,21071
654,217,869,https://farmaciaielo.it,Farmacia Ielo - Giulianova (TE),273381,5887,5867
655,217,870,https://saipriyacaterers.com,Sai Priya,134972,8050,8035
656,218,874,https://stelfly.co.za,SFC - Home,14689,4272,4259
657,218,875,http://www.winerice.co.jp,WINERICE Incorporated 株式会社ワインライス,12226,2052,2039
658,219,876,https://www.larsenco.dk,Tryksager - we-social.dk,95863,8196,8165
659,219,878,https://www2.orthopaedie-immenstadt.de,Fachübergreifende orthopädische Gemeinschaftspraxis im Gesundheitszentrum Immenstadt www2.orthopaedie-immenstadt.de,17599,3467,3446
660,219,879,https://www.syndicity.org,Syndicity partenaire de vos projets immobiliers - Paris - Syndicity,124716,6992,6975
661,220,880,http://ravellopizza.dk,Ravello Pizza – Ravello Pizza Hvidovre,54584,5850,5837
662,220,881,https://www.jillgibson.co.uk,Jill Gibson,97575,6511,6466
663,220,882,https://keepsakegift.co.uk,Website Temporarily Unavailable,3822,2083,2069
664,220,883,https://www.sharpdressedman.org,Home | Sharp Dressed Man We,752781,4597,4559
665,221,884,https://www.arbitrage-athletisme.fr,Accueil - ARBITRAGE ATHLÉTISME,44153,4529,4495
666,221,885,https://www.forlagetriel.dk,Forlaget RIEL – Materiale til børns læring og sproglige udvikling,236713,18543,18523
667,221,886,https://www.codingidol.in,codingidol,7035,2013,2001
668,221,887,https://www.mahaffeyphotography.com,Portfolio | mysite,788690,2682,2650
669,222,888,https://www.kleinenpersonenvervoer.nl,Kleinen Personenvervoer,12317,4226,4215
670,222,889,http://www.pbiaqaba-jo.com,Home | PBIAqaba,58337,3303,3288
671,222,890,https://www.positanomodashop.com,Positano Moda Shop - Forsell Alice Marianne,594631,6280,6234
672,222,891,http://www.oracletranslation.com,oracletranslation.com,37347,7432,7414
673,223,892,https://franciscoqueiroz.com.br,Francisco Queiroz - HOME,38435,17264,17251
674,223,893,https://www.computerhomeintelligence.co.uk,IT Equipment Recycling | WEEE Collection | Computer Home | IT Asset Disposal UK | England,1216990,3456,3402
675,223,894,https://businessemaillists.co.uk,Email Lists Brokers | Business Email Marketing Lists Agency UK,57488,9023,9010
676,224,897,https://www.adamantineresins.com,Bienvenido a Adamantine Resins Export LLC,9023,8358,8344
677,224,898,https://massimosantamaria.it,Massimosantamaria.it – Prodotti tipici per gli insaccati – Massimo Santamaria,143514,10817,10798
678,224,899,https://ivyfung.com,Ivy Fung – what I've been done so far,91576,3467,3451
679,225,900,https://www.radiocallcheltenham.com,Radio Call Cheltenham | Accredited ICOM Supplier | England,513490,2897,2868
680,225,901,https://ia4l.com,| International Academy for Learning,95020,6493,6450
681,225,902,https://www.goldenhouseperrysburg.com,Golden House | Best chinese food | Order Online,125874,3017,2996
682,225,903,https://www.azdeeventures.com,Azdee Ventures Home | Azdee Ventures,0,5635,4214
683,226,904,https://rebelrailroadmusic.com,Rebel Railroad,105079,4337,4315
684,226,905,http://schuetzenverein-ahlerstedt.de,Schützenverein Ahlerstedt,85067,6212,6198
685,226,907,http://www.keralabullion.com,Login | Kerala Bullion,10129,4339,4327
686,227,909,https://www.plantobelly.de,Plantobelly,89421,3083,3064
687,227,910,https://www.prestigeplasterer.com,Error or No Title,16925,4185,4168
688,227,911,https://www.malnis.it,STUDIO MALNIS ASSOCIATI > Studio Malnis Associati,25688,3221,3208
689,228,912,https://nineplanets.in,nineplanets.in,135787,24936,24921
690,228,914,https://www.harburyschool.com,Welcome | Harbury C of E Primary School,36312,6747,6732
691,228,915,https://www.dezignwhiz.com,Pradeep Gunda | UX/UI Designer and UI Developer | Product Designer | Design Technologist | UX Engineer,77151,3899,3883
692,229,917,http://www.gdmarquees.co.uk,Marquee Hire Essex & South East | Cheap Marquees | G&D Marquees,55067,8115,8102
693,229,918,https://www.sannyfeye-metalwork.com,Pencarn Forge | Blacksmith | Cornwall | sannyfeye-metalwork.com,544408,3055,3024
694,229,919,https://www.shawsbayhotel.com.au,Home - Shaws Bay Hotel,113442,3444,3424
695,230,921,https://www.nieuwbouwspanje.com,Nieuwbouw Spanje,69017,5105,5089
696,230,922,http://www.generationsrehab.com,Generations Outpatient Wellness & Rehabilitation Center,8078,4159,4145
697,231,924,https://www.orgis.com,Orgis | Brengt mensen tot bloei,11860,3665,3653
698,231,925,https://www.thesilvamethod.co.uk,Silva Method Live Seminars Courses and Training 2018,60690,4276,4263
699,231,926,https://nihoncasino.com,NIHONカジノ |　日本No.1のオンラインカジノガイド 🏆,239807,3559,3538
700,231,927,https://sanata.ca,Sanata Technologies Inc. |,198453,5998,5972
701,232,928,https://olivaresdelsur.com,Home - English - Olivares del Sur,309251,6070,6050
702,232,930,https://yrm.eu,The domain name yrm.eu is for sale,43972,1826,1814
703,232,931,http://www.drshagunacmahajan.com,| Home :: Shishu Pediatric clinic,12439,7916,7899
704,233,932,https://equinociogeo.com.br,RoMiotto Instrumentos de Medição,341703,10292,10265
705,233,933,https://www.ukrents.co.uk,Professional Landlord Management Software. UK Landlords & Tenants,10642,3177,3165
706,234,938,https://a1americanfire.com,a1americanfire.com,4617,3059,3043
707,234,939,https://faustus.in,Faustus Technologies Pvt ltd.,58797,2339,2321
708,235,940,https://www.emmi.rs,Emmi,2360,4006,3994
709,235,941,https://www.concept7photo.com,Concept 7 Photography | Coppell,42628,4535,4518
710,235,943,http://www.online-watersnijden.nl,Online-watersnijde.nl | Home,238060,4122,4097
711,236,944,https://opendoortexas.com,OpenDoor Counseling and Assessment Services PLLC,26079,2889,2836
712,236,946,https://talentmap.pl,Doradca edukacyjny w Warszawie: porady przy wyborze liceum,128457,5850,5828
713,236,947,https://www.primarschule-lengnau-ag.ch,Startseite – Kindergarten und Primarschule Lengnau,146867,6679,6657
714,237,948,https://www.reincarnationauto.com,reincarnationauto,67256,1709,1697
715,237,949,http://www.giaoxuhanoi.com,Secured Home of giaoxuhanoi.com,214,3413,3401
716,237,950,https://www.rapid-ts.com,Rapid Technology Services LLC,98755,5771,5758
717,238,952,https://www.blackbearhomerepair.com,HOME | Mysite,497304,3319,3293
718,238,953,https://resoldi.it,R.E.S. f.lli Soldi – Idraulica – Edilizia – Arredo Bagno,123142,3942,3928
719,239,956,https://www.kmjstore.com,Error or No Title,92192,4537,4511
720,239,957,https://www.westyorkshiretuning.co.uk,Stage 1 Tuning & ECU Remapping | West Yorkshire Tuning,165977,3398,3379
721,239,958,https://www.leconnaught.com,Appartements à louer | Le Connaught | North Hatley Québec,701346,2485,2444
722,239,959,https://www.johnwoodeninteriors.com,John Wooden Interiors,81662,3142,3128
723,240,960,https://www.ukgltd.com,UKG 30 yrs expertise in external refurb & structural repair,268924,3470,3450
724,240,961,https://icblogelite.com,初心者が知るべき効果的なさまざまな使い方とは｜法人のパソコンレンタル活用術！　2024年9月更新,14766,5275,5263
725,240,962,http://www.agroviverosperusac.com,AGROVIVEROS PERU SAC,12709,7927,7914
726,240,963,https://nikocasting.com,NIKO Casting,174090,4128,4107
727,241,964,https://www.lechler-haustechnik.de,Heizungsmonteur und Klempner in Gütersloh | Startseite,38869,5069,5057
728,241,965,https://nextinc.kr,홈페이지 공사중,981,2516,2502
729,241,967,https://bandoncable.org,Bandon Submarine Cable Council,10010,3105,3088
730,242,968,https://www.radiantsoftwash.com,Revive Surfaces | Soft Wash Experts,342901,3881,3854
731,242,970,https://www.goproprofit.com,Job application,114093,2591,2574
732,243,972,http://www.itfs.at,World4You Kundenwebsite,5481,2812,2800
733,243,973,http://www.reise-tuerkei.net,Reise Tuerkei - Adventure awaitsGo find it.,47722,9408,9395
734,243,974,https://beautydealboutique.com,Beauty Deal Boutique,122355,6786,6770
735,243,975,https://moovashop.com,MoovaShop – Where Every Seller Tells a Story,362171,5559,5535
736,244,977,https://www.beaumontassociates.co.uk,Beaumont Associates | Professional Recruitment in Edinburgh,146619,6001,5986
737,244,979,http://www.energie-ruechel.de,Energieausweis Neumünster - energie konzepte rüchel,8989,2654,2642
738,245,980,https://www.rentalbestshop.com,This store is unavailable,1509,2761,2746
739,245,981,https://recelectrical.co.uk,REC Electrical – Electrician Domestic and Commercial,32998,2354,2339
740,245,982,https://reinsofhopehutch.org,Reins of Hope | Therapeutic Horseback Riding Program,25447,1719,1705
741,245,983,https://www.thevintagebabycompany.co.uk,Luxury hand knits for baby -Hand knitted luxury baby clothing inspired by vintage patterns,419268,3167,3145
742,246,984,http://www.duijnisveld-management.nl,Duijnisveld Management - Home,29710,7743,7729
743,246,985,https://www.victoriajewellerydesign.co.uk,victoriajewellerydesign.co.uk,4771,2301,2288
744,246,987,https://www.studio74ram.it,Progettazione | Studio 74ram | Italia,347201,7565,7533
745,247,988,https://www.modenzo.com.ph,Modenzo Bakeware and Food Packaging — Modenzo Food Packaging,158652,2875,2832
746,247,989,https://www.radiosembradora.com,Radio Sembradora | Radio Sembradora 93.1 FM,213757,7551,7495
747,247,990,https://macklin.cc,Ryan Macklin – content designer,41441,4030,4001
748,247,991,https://themoroccanroom.com,THE MOROCCAN ROOM - Moroccan Home Decor,155636,3400,3373
749,248,993,https://www.merespourlapaix.org,coup de poing | site MPP,409950,2747,2705
750,248,994,http://www.ihoplawsuit.com,IHOP HOURLY EMPLOYEES CALIFORNIA CLASS ACTION,15779,5179,5159
751,248,995,https://fussart.ch,Huber Orthopädie & Schuhtechnik,13952,3876,3858
752,249,997,https://optellix.com,Optellix – 3D Application Development for Your Business Needs,308490,44959,44923
