id,url,title,RTime,PTime(sec),TTime(sec)
7,https://www.midiforkids.com,,0,0.223,0.268457
3,http://www.ecan.be,Coll√®ge Abb√© No√´l ‚Äì Un tremplin pour la vie,4267,5.072,5.123048
4,http://www.altreetz-online.de,Altreetz und Umgebung: Home,4453,4.643,4.688034
5,https://www.rechtsanwalt-moellers.de,Rechtsanwalt M√∂llers - Startseite,4966,5.302,5.355029
2,https://www.rayun.cl,Ray√ºn Montessori ‚Äì Sala Cuna y Jard√≠n Infantil ‚Äì Sala Cuna y Jard√≠n Infantil,9207,9.8,9.850259
10,http://www.csjlfz.com,"Dress, Jacket, Long Sleeve | China Manufacturer Changshu Jieliang Knitting Co., Ltd.",3087,4.351,4.428154
9,https://heilpraktiker-silke-wagner.de,Aktuelles,3627,5.353,5.536406
11,https://hi-management.com,Home - H‚Ä¢I Management,3939,5.495,5.543068
8,https://mondo.cl,Officio Mondo,6311,7.444,7.506686
15,https://avediscorp.com,,2805,2.853,2.93225
13,https://woolfplumbing.com.au,Woolf Plumbing & Gas: The Plumbing & Gas Expert in Perth,4641,5.806,5.885987
6,https://hospitalismaelroldan.gov.co,Hospital Ismael Rold√°n Valencia |,8814,10.179,10.242882
17,https://www.kampasa.fr,Marie Durand,2276,3.217,3.277995
20,https://hairlounge-lueneburg.de,Ihr Friseursalon in L√ºneburg | Hairlounge by Sandra Ritter,2680,4.392,4.498153
12,https://freedomfabmt.com,"Freedom Fabrication | Excavation, Landscaping, Concrete, Snow Removal Services | Montana",7738,10.829,10.873054
19,https://www.pflegeverbund-opf.de,Ambulante Pflege | Waidhaus | Ambulanter Pflegeverbund,4102,5.006,5.116687
21,https://www.tiddleschildcare.co.uk,Tiddles Childcare ‚Äì An outstanding childcare provider,3081,4.621,4.694762
14,https://www.tsv-simbach.de,TSV Simbach a. Inn |,8558,11.226,11.294965
16,https://safen.sk,SAFEN | Komplexn√© slu≈æby BOZP a OPP,6686,9.953,10.025614
18,https://www.autocaresalcaide.net,Autocares Alcaide,5010,7.923,8.531618
23,https://www.teammania.de,Team Mania - SPIELBASIERTES LERNEN & CORPORATE ESCAPE GAMES,3673,6.884,6.954592
22,https://www.yara.co.zm,Yara Zambia,4252,7.656,7.720057
25,http://www.mobilitas-physiotherapie.de,Physiotherapie & Osteopathie f√ºr Hunde & Katzen,3741,4.402,4.53355
26,https://www.tennisclub-weiler.de,Tennisclub Weiler ‚Äì Tennis spielen in Weiler im Allg√§u,5469,5.984,6.103988
24,http://shalomeuropa.de,Startseite,6286,7.171,7.231546
30,http://www.elevake.eu,,3976,3.985,4.076579
28,https://www.gs-wallertheim.de,GS Wallertheim,5336,6.407,6.468917
32,https://www.woond.nl,WOOND Ulft - Expert in bekleden of renoveren van uw trap of vloer,4365,4.698,4.769708
33,https://www.via4spine.de,Wirbels√§ulenchirurgie - Via 4 Spine Wirbels√§ulenchirurgie,4257,4.74,4.81537
29,http://www.csk-guidelineari.com,Plesk Obsidian 18.0.63,7164,7.291,7.485433
34,http://www.cruiseoptionsonline.com,Index of /,3926,4.124,4.188913
35,https://www.architektura-bielsko.pl,"Biuro architektoniczne w Bielsku : Tomasz K√∂hler : architekt bielsko, architekt bielsko-bia≈Ça, architekt ≈õlƒÖsk",3535,3.798,3.851046
41,http://www.csjmpw.com,,0,0.484,0.712228
38,http://www.gabdesigns.co.uk,,0,3.063,3.118983
37,http://www.grundschule-zum-obersten-holz.de,Grundschule zum Obersten Holz - Startseite,3590,3.794,3.868866
45,http://www.terayne.com,,0,0.211,0.280131
42,https://mindfulnesseveryday.org,Mindfulness Everyday | Mindfulness Everyday,4751,5.859,5.925747
44,https://www.getriebenotdienst.de,Getriebereparatur | Ihr Fachmann f√ºr Getriebe,3190,5.09,5.282809
46,https://www.sv-naturstein.de,Startseite | SV Naturstein - Inhaber Stefan Vepschek,4788,5.58,5.633121
40,https://hogarprestige.com,"Hogar Prestige ""Vive Tus Sue√±os""",6898,8.096,8.253748
43,https://wolksoftcr.com,Wolksoft | Soluciones Tecnol√≥gicas a la Medida,6171,8.445,8.494639
27,http://www.schmidt-umzuege-trier.de,Schmidt Umz√ºge Trier - Schmidt Umzuege: Mit Vertrauen umziehen!,17622,19.338,19.424153
31,http://www.cheproeng.com,Check Process Engineering,16251,16.606,16.674086
50,http://www.praxis-kirchmeyer.de,,0,3.049,3.117692
47,https://www.la-choue.com,Accueil - Brasserie de Vauclair - La Choue,5949,6.939,6.994843
1,http://www.csjfilter.com,"Yingkou Chuangshiji Filter Materials Co., Ltd",42655,43.366,43.429954
51,https://www.xn--colosseum-rheinbllen-jbc.de,Hotel Ristorante Colosseum - Startseite,4244,5.546,5.621373
52,https://www.bunert.de,bunert Onlineshop,6530,7.658,7.716365
48,https://www.dinnede-manufaktur.eu,DINNEDE MANUFAKTUR - FELDB√ÑCKEREY | FLEISCHBR√ÑTEREY | WURSTBR√ÑTEREY,9742,11.205,11.275356
57,https://www.murphys-tattoo.de,Startseite - Murphy¬¥s Tattoo Studio,3455,3.665,3.727009
55,https://escapethis.place,Escape This Place - Escape Game Rooms in KC,6104,6.984,7.055103
56,https://www.nppaa.net,Blank Title - Home,6516,6.62,6.679913
60,https://www.ariesdogland.com,Arie's Dogland | Albuquerque Puppy Headquarters,3032,4.109,4.158703
61,https://www.leni-parkett.de,Beratung-Verkauf-Verlegung | LENI-PARKETT in Kassel,3319,4.348,4.411526
59,https://tyremanmc.com.au,Shop Motorcycle Tyres Online in Australia | Tyreman M/C,5349,7.07,7.118052
36,https://www.codeunique.de,Willkommen - CODE UNIQUE Architekten,27830,29.068,29.123834
58,https://www.boersenblatt.net,News und Service f√ºr Buchhandel und Verlage | B√∂rsenblatt,5935,10.887,10.942723
62,https://www.thevintagehampercompany.uk,,5148,7.671,7.721718
63,https://www.drbaby2th.com,"Pediatric Dentist Meridian, ID | Joel Whitt | Meridian, ID Pediatric Dentist | Pediatric Dentist 83646",4025,6.699,6.76711
64,http://www.xn--mhrke-gastrotechnik-q6b.de,M√∂hrke Service GbR,3756,4.984,5.103091
53,https://dieschreyers.com,Backwelt & Konditorei Schreyer,18309,20.19,20.250504
54,http://koniksport.pl,Sklep rowerowy Szczecin - Konik Sport,17372,20.386,20.440168
68,http://www.bmtinc.us,,0,3.064,3.135894
66,http://www.gjcargo.com,"GJ Cargo | Your Cargo Company in Miami, FL. Call us today for your cargo needs.",4646,6.357,6.428366
65,https://dkcare247.co.uk,DK Care 24/7 ‚Äì Quality Staffing Solutions,6785,7.703,7.767389
69,https://www.caltrailblazers.com,,0,5.124,5.178334
73,https://www.logistaparcel.com,Home,4421,5.281,5.336279
67,https://campinggranby.com,Bienvenue sur le site du Camping Granby,8545,10.169,10.23439
74,https://www.cslmha.com,Welcome | Cote Saint-Luc Minor Hockey Association,4836,7.19,7.242261
70,http://www.nazionale.net,Nazionale Battitura Metalli | Metallo battuto in foglia,7598,9.935,9.992068
76,https://www.cslmgmt.com,,3966,5.117,5.182949
78,https://www.henderson-engineers.co.uk,"Engineering Company Alloa, Steel Fabrication, Repairs & Welding, Glasgow, Edinburgh & Scotland",1476,2.021,2.087766
75,https://praxisgemeinschaft-am-ringelberg.de,Praxisgemeinschaft Ringelberg Erfurt ‚Äì Eine weitere WordPress-Website,8170,8.961,9.019602
72,http://www.cskonferencia.sk,"ƒåesko - slovensk√© energetick√© f√≥rum - 5.‚Äì6. 6. 2024, Karlovy Vary",9579,11.715,11.777135
77,http://www.cellcost.pk,CellCost | Complete Solution for Sales Management,4926,7.022,7.080656
82,https://www.cskimkaratefortwayne.com,C S Kim Karate Fort Wayne,3321,4.096,4.148342
81,https://www.twinbrookpool.org,Twinbrook Pool ‚Äì Fun in the sun since 1955,5009,5.459,5.536602
83,https://shop.ncreu.org,Naming Creatively... Imaginatively...,5434,5.96,6.044574
84,https://waldwichtel-koeln.de,Waldwichtel K√∂ln e.V. lernen & f√∂rdern | entdecken & erleben,4166,5.314,5.389216
79,https://www.dktcommunication.com,DKT | Communication,8032,10.561,10.840289
85,https://columbia-pi.com,"Columbia Private Investigation Kennewick, Pasco, Richland, Tri-Cities, Walla Walla, WA",5922,6.926,6.98009
88,https://ssquebec.com,SSQu√©bec,2259,3.763,3.83781
80,http://jamienicholas.com,Jamie Nicholas Printing & Graphics ‚Äì We print anything from business cards to billboards,12096,12.432,12.674035
71,http://www.consorziotst.it,Consorzio Tassano Servizi Territoriali -,21425,23.292,23.357022
87,http://www.klugpharma.com,Kl√ºg Pharma German Perfection,6984,8.873,8.930051
90,https://www.moebel-mueller-juechen.de,M√∂bel M√ºller & Co.,3331,4.292,4.449277
89,https://www.terrier.de,"Terrier.de - Alles √ºber Terrier - Z√ºchter, Welpen, Rassen",4874,6.12,6.357907
94,https://www.horselssenteret.no,H√∏rselssenteret,2219,3.121,3.191526
96,http://nestaenergies.com,Nesta Energies,1544,2.856,2.926484
93,https://www.startklahr.biz,Airport & Business Park Raum Lahr: das startkLahr-Areal,4644,6.089,6.14776
39,https://www.mmkn.org,,0,60.179,60.234166
91,https://www.cskeryado.fr,Centre Social et Culturel de Keryado - ACCUEIL,5786,8.035,8.109273
99,https://www.asevalsxxi.com,,0,1.569,1.630552
95,https://amazonrainforestconservancy.com,Home - Amazon Rainforest Conservancy,4851,5.448,5.513805
92,https://www.ebmag.com,Electrical Business -Electrical Business,7132,8.345,8.429013
100,http://www.beginningdreamsdaycare.com,Home,2645,2.995,3.067497
86,https://www.hospitalcandidoportinari.com.br,Dr S√©rgio Evangelista | Hospital em Sorriso Mato Grosso,18658,19.643,19.706286
104,https://www.logopediehellingman.nl,Praktijk Hellingman,3993,5.801,5.864252
97,https://www.casagarage.it,CasaGarage | Natura Automotive,10314,12.296,12.365619
49,http://www.lazyriveroutpost.com,,0,60.018,60.074733
101,https://www.reseauvita.fr,VITA - R√©seau Ambulanciers des Hauts de France,6173,8.834,9.021157
107,https://www.arhamdisplays.com,Digital Display Manufacturers in Bangalore,2672,3.888,3.984236
106,https://penedesindustrial.com,Pened√®s Industrial ‚Äì Pened√®s Industrial,6969,7.817,7.921135
108,https://virtuosolaw.com,Home-default - Virtuoso Law,2938,5.117,5.239486
105,https://cheekyplum.com,"Cheeky Plum | Girls Boutique Clothing, Dresses, Outfits",8189,13.2,13.255777
102,https://www.dwaynelanechryslerjeepdodge.com,"Chrysler, Dodge, Jeep, Ram and Wagoneer Dealer Everett WA New & Used Cars for Sale near Marysville WA - Dwayne Lane's Chrysler Dodge Jeep Ram",11861,15.21,15.380815
113,https://nssrc.org,Homepage - North Shore Stroke Recovery Centre,2221,5.945,6.027637
112,https://www.zimmerei-meister-schmidt.de,Zimmerei Meister & Schmidt GmbH / Leinburg,3108,7.663,7.733783
103,https://cosytoesphotography.co.uk,Sussex Newborn Photographer | East Grinstead Photographer | Cosy Toes Photography,12241,18.814,18.976122
111,https://www.drrettner.com,"Lafayette, CA Chiropractor | Chiropractor in Lafayette, CA | Auto Injury Chiropractor Walnut Creek, CA",5377,10.581,10.655176
109,https://olavarriaga.com,"OlaVarriaga ‚Äì Tu confianza, nuestra responsabilidad. Asesoramiento legal a tu medida.",7760,12.026,12.158496
110,https://www.forever-decorationsdemariage.fr,FoRever - D√©corations de Mariage et Autres √âv√©nements,7182,13.15,13.643132
114,http://www.doraplus.com.tr,Dora Plus Yapƒ± Sanayi A.≈û.,7205,10.752,10.848677
115,https://browndogindustries.com,Brown Dog Offroad Motor Mounts and Engine Brackets for Jeep,6168,8.242,8.331546
116,https://www.shotrockshop.com,Shot Rock Shop,6672,7.667,7.730652
121,http://www.cskatalogy.cz,CS katalogy,2587,2.87,2.926824
122,https://handtruxtoys.com,"Hand Trux Toys - Technology, Games, & Bussiness",1216,1.67,1.738785
118,https://www.citroenspecialistvangompel.nl,‚â• Citro√´nspecialist Jan van Gompel | Home | T: 040-2113843,7411,8.118,8.179827
123,http://westonbayyc.co.uk,westonbayyc.co.uk,2661,2.97,3.04295
120,https://trattoriadibernardone.com,Home - Trattoria di Bernardone,7232,8.234,8.295691
127,https://www.drkcomtcenterforwellbeing.com,Home,3978,4.457,4.522545
129,https://www.cslrosny.fr,CSL Rosny Sous BOIS,2304,3.083,3.171059
124,https://www.newlondonchd.com,"Home - New London Complete Health Dentistry | New London, Ohio",5567,6.322,6.405238
126,https://www.cslcharlotte.org,HOME | CSL Charlotte,5935,6.858,6.927625
128,https://www.inspirationsstudio.org,Inspirations Studio,4900,5.473,5.5742
117,https://www.ms3.com.br,Home - MS3 Agencia Virtual,14851,15.475,15.562155
132,https://www.entgratservice.de,"ZPO Entgratservice - Wir haben das Know-how, die Erfahrung und die Anlagentechnik | Willkommen",3360,3.622,3.70056
135,https://citydoors.com.au,Adelaide‚Äôs Top Choice for Security Doors | City Doors,3132,4.129,4.189476
130,https://www.enensys.com,ENENSYS - Efficient Media Delivery - Optimize | Secure | Monetize,5974,7.716,7.82208
136,https://www.trium.de,Trium Analysis Online GmbH | Fetal and Activity Monitoring,3152,4.091,4.159593
134,https://www.vmaesthetics.com,"Vital Medical Care & Aesthetics, P.C. in NY",5369,6.721,6.799715
133,http://www.ctenergyconsumers.com,Home page - CT Energy Consumers,7791,8.324,8.42706
137,https://www.medicalpark.com.ro,Medical Park Romania | Reprezentantul OFICIAL,4727,5.913,5.974786
140,https://gacs.org,Georgia Association of Christian Schools ‚Äì Serving the Christian Education Community Since 1970,2355,2.78,2.842449
139,https://telefaction.com,TeleFaction - kundetilfredshed og kundetilfredshedsunders√∏gelser,3909,4.908,4.972333
141,https://vecchiamalga.com,Vecchia Malga Negozi ‚Äì vecchiamalganegozi,3542,4.187,4.268329
144,https://www.csl-electronics.com,Home,2596,2.948,3.004555
147,https://pawsitivepetcareclinic.com,,0,2.869,2.94108
138,https://www.csm-service.it,Home - CSM SERVICE - CORSI DI FORMAZIONE APPROVATI DALLA REGIONE CAMPANIA,7680,21.419,21.520549
131,https://www.supersoftshower.co.uk,Home - Super Soft Shower,14318,28.805,29.065512
145,https://www.ogis.com.tr,Ogis Kimya,10386,16.857,16.97181
98,http://www.studioyogasamgha.it,,0,60.012,60.095485
148,https://www.solomonfacialplastic.com,Facial Cosmetic Plastic Surgery Clinic Toronto | Solomon Facial,12027,12.624,14.015839
146,https://thepartyroomforkids.com.au,Best Kids Party Venue Melbourne | The Party Room for Kids,16848,17.887,17.965356
143,https://www.boehm-gerland-hoergeraete.de,B√∂hm-Gerland H√∂rsysteme Ibbenb√ºren,19843,21.888,21.963762
142,https://www.bridgechurchperry.com,Bridge Church at Perry ‚Äì A loving community of Christ-followers glorifying God together by making disciples of all nations,21082,23.261,23.326699
149,https://upkeepmaintenance.co.uk,"UpKeep maintenance | Electric, Gas, Heating & More",5535,6.692,6.781771
151,https://rareservice.com,"Heating & AC Repair Services | Rare Service Heating & Air Conditioning, Inc.",4418,6.639,6.714652
150,https://www.brsistemas.com.br,Br Sistemas ‚Äì Transformando desafios em oportunidades ‚Äì Br Sistemas ‚Äì Transformando desafios em oportunidades,6861,8.16,8.242754
155,https://www.coachtrainingedu.com,Home - Coach Training EDU,4024,6.682,6.783667
154,https://bayareadiscoverymuseum.org,Home - Bay Area Discovery Museum,5414,7.925,7.985868
152,https://www.ru-consulting.co.uk,Home - RU Consulting,7776,10.271,10.328729
156,https://avislaw.com,The Law Firm of Avis Choulagh | Law Firm in Michigan,8470,9.233,9.287553
160,https://www.cteen.fr,CTeen France | Mouvement de jeunesse | France,2402,3.751,3.811689
159,https://www.cskratos.com,Accueil,5098,5.958,6.029595
157,https://www.hotelbrunamartinsicuro.it,Hotel Bruna Martinsicuro,7444,9.046,9.138096
158,https://wittzek.de,"Sanit√§r, Heizung und Klima ‚Äì Wittzek GmbH",7227,8.808,8.874965
161,https://www.moebelix.cz,M√∂belix,5060,6.044,6.123404
163,http://cskplastic.com,CSK Plastic Marketing Sdn Bhd ‚Äì Household and Industrial Plastic Products Manufacturer & Wholesaler,2188,3.411,3.490203
153,https://www.andronicos.com,Grocery Delivery Near You - Order Groceries Online | Andronico's,14926,15.813,15.884489
164,https://www.cskscerea.com,Karate Shotokan - C.S.K.S. Cerea,4728,5.186,5.284012
162,https://orion-ats.com,Orion advanced technology solutions,7466,9.032,9.154475
168,https://www.cteensouthbay.com,Home | Cteen South Bay Under the Auspices of the JCC¬†South Bay,2684,5.552,5.613094
119,https://www.walden.com,,0,60.082,60.154728
167,http://www.nebenan-in-afrika.de,Nebenan in Afrika - Nebenan in Afrika - englische Version,5596,6.677,6.783132
173,https://www.buchanansubaru.com,,2839,2.877,3.031039
170,https://www.seesocalproperties.com,Home - Radcliffe & Associates,5361,7.396,7.477349
171,https://tomax-fitness.de,"Tomax Fitness-Studio ‚Äì DEIN CLUB, DEIN FITNESS, DEIN ZUHAUSE",4481,6.436,6.515063
125,http://logicalexecutive.com.au,,0,60.174,60.232094
169,https://hesperum.fr,Accueil - Hesperum,7140,9.609,9.679354
174,https://www.materadministratie.nl,Home,4101,4.535,4.62433
165,https://www.anysteel-trading.com,Your specialist in engineering steels | AnySteel Trading,13721,14.878,14.972091
175,https://off-basehousing.com,Military Housing - Homes Near Bases For Sale or Rent - Off-BaseHousing.com,5427,7.138,7.260586
172,https://csklawyers.ca,Vallelonga | Family Lawyers | Montreal ‚Äì Speak directly with a family lawyer!,8337,10.606,10.677499
181,http://www.csktfire.org,Home,4309,4.554,4.61182
180,https://www.xn--orthopdieamviktualienmarkt-lhc.de,Startseite - Orthop√§die am Viktualienmarkt,5522,6.045,6.140121
176,https://www.hailiapartments.com,"Apartments for Rent in Hilo, HI | Haili Elderly Apartments - Home",7262,7.935,8.051247
185,https://www.willmakersofashton.co.uk,,3127,3.235,3.301867
182,https://barnettswhiskeyhouse.com,"Barnett's Whiskey House | Restaurant & Bar in Downtown Waco, Texas",4878,6.959,7.065542
179,https://imobiliariabastosimoveis.com.br,,11167,11.21,11.322195
178,https://www.hcjfs.org,Home - Hamilton County Job & Family Services,10938,11.865,11.927442
183,https://www.csksverona.it,Home,7966,8.937,9.008137
184,https://brainlight-russia.com,–£–Ω–∏–∫–∞–ª—å–Ω—ã–µ —Å–∏—Å—Ç–µ–º—ã —Ä–µ–ª–∞–∫—Å–∞—Ü–∏–∏ –∏ —Å–Ω—è—Ç–∏—è —Å—Ç—Ä–µ—Å—Å–∞ brainLight,7406,10.313,10.409326
190,https://swspitcrew.com,Strategic Work Systems ‚Äì TPM Tagging and Gauge Marking Supplies,2002,4.632,4.756795
189,https://fvrepro.com,Home | Fraser Valley Reprographics,4533,5.711,5.79258
187,https://www.newquayaccountants.co.uk,Accountants Newquay Cornwall,8196,9.978,10.036024
186,https://www.valyoo.nl,Sign Up | LinkedIn,8796,10.721,10.827494
188,https://www.mastercadena.es,P√°gina web de MasterCadena,8419,9.632,9.693536
193,https://www.legagestion.com,LEGAGESTION S.L.: Inicio,3489,3.725,3.845421
194,https://www.cieltd.us,Connecticut Insurance Exchange - Car Home Business Newington,3119,3.781,3.844709
197,https://bigisuffolk.org,BIG I SUFFOLK,4487,5.417,5.49318
196,https://hrsummercamp.es,HR Summer Camp 2024 ‚Äì Bodega Ribas ‚Äì Consell ‚Äì 20 de Septiembre - HR Summer Camp 2024,5483,6.632,6.75485
195,https://www.wasserburg-markvippach.com,www.wasserburg-markvippach.com - Startseite,7239,8.02,8.11048
199,https://viclassweb.com,,6822,6.855,6.903996
198,http://dtmchurch.com,DTM Church ‚Äì Don't Conform‚Ä¶ Transform,8246,8.502,8.55627
201,https://knockonwoodfurniture.com,Coquitlam Furniture Store - Knock on Wood Furniture Gallery,4914,5.585,5.657831
202,https://www.csl-london.com,Home | CSL | Chauffeur Solutions Limited,4432,5.171,5.247699
203,https://www.csl-cremeria.it,La Cremeria,6660,7.809,7.871231
207,https://www.papazian-law.com,"Traffic Violations & Family Law Attorneys in Albany, NY | Law Office of Lynne A. Papazian",3282,4.168,4.241653
204,https://electromech.ms,Electro Mech Inc. ‚Äì Electro Mech Inc.,6299,7.497,7.556891
200,http://soderasenstandklinik.se,S√∂der√•sens Tandklinik,12224,14.697,14.749961
206,http://www.cslcpreschool.com,Home,6718,6.953,7.030591
211,https://www.removalservicesglasgow.co.uk,2024 Login profits unlimited,2069,2.567,2.621214
212,https://www.centredentairesr.ca,Dentiste √† Saint-Hyacinthe | Accueil | Centre Dentaire Dr Sylvain Richard,3303,4.107,4.153294
210,http://www.cslcpreschool.org,Home,5827,6.172,6.238187
213,https://therapeuticendeavors.com,"Therapeutic Endeavors | Speech Pathology | Tallahassee, FL",1940,2.925,2.982957
209,https://www.beauty-4ever.ca,"Beauty 4Ever, Sarnia lash extensions, sarnia lashes, sarnia microblading, lashes",7794,8.038,8.093755
214,https://www.silman.com,Silman Structural Solutions | TYLin Group,4103,5.365,5.448824
215,https://washingtoncenterforcognitivetherapy.com,Home - The Washington Center For Cognitive Therapy,5591,6.045,6.116899
217,https://burtslaw.com,"Injury and Criminal Lawyer | Burts Law, PLLC - Your solutions start here.",3941,6.683,6.733536
166,https://www.csksalem.com,,0,60.041,60.124384
216,https://www.agendax.net,AgendaX Group Calendar for Office 365 and Exchange Server,8753,9.504,9.556248
205,https://craignair.com,Bed and Breakfast Hotel in Rockland Maine | Craignair Inn,23165,24.416,24.470309
219,https://an-der-elbe-wohnen.de,"Lassen Sie sich inspirieren, willkommen bei B+B Immobilien",5152,6.735,6.793602
221,https://www.plamnina.com,–ü–ª–∞–Ω–∏–Ω—Å–∫–∏ –ª–∞–≥–µ—Ä–∏ | –§–æ–Ω–¥–∞—Ü–∏—è –ü–ª–∞–ú–Ω–∏–Ω–∞ | –ë—ä–ª–≥–∞—Ä–∏—è,3268,5.019,5.576101
222,https://www.neuville-en-ferrain.fr,Ville de Neuville-en-Ferrain,4834,6.587,6.667349
223,https://luciahunziker.com,Lucia Hunziker | Photo & Film,5764,6.793,6.928602
177,https://www.cajunchefshop.com,,0,60.018,60.129268
220,https://wjilaw.com,"Personal Injury Attorneys | Whitley, Jordan, Inge & Rary",10748,12.15,12.237923
226,https://bluesupplycompany.com,Blue Supply Company ‚Äì Detectable Specialists ‚Äì Blue Supply Company ‚Äì Detectable Specialists,3510,4.0,4.075809
228,https://www.deco-lemans.fr,,2854,2.879,2.950674
224,https://www.cskyd.com,‰∫öÊêèÊâãÊú∫ÁâàAPP‰∏ãËΩΩ-‰∫öÊêèÊâãÊú∫ÂÆ¢Êà∑Á´Øapp‰∏ãËΩΩ,9087,10.268,10.334785
229,http://www.jeffsaxophone.com,"Singapore Saxophone Lessons by Jeff, Live Music Band Performance Singapore",2591,3.14,3.233475
227,http://frankyarchitect.com,Home - Franky & Associates,5344,9.036,9.097274
231,http://www.gabrielshill.com,Gabriel's Hill Bed & Breakfast,5083,5.349,5.434925
218,https://www.hairbeautyink.com.au,Hair Beauty Ink - Hair & Beauty Supply Store Australia,22238,24.244,24.295468
230,https://cherielouve.com,Cherie Louve : La culotte menstruelle qui change vos r√®gles,7211,9.271,9.337743
233,https://www.apexway.com.tw,APEXWAY PRODUCT CORP.,4712,7.101,7.191789
234,https://www.westmountins.com,Westmount Insurance Agency,3770,4.109,4.306816
191,https://www.uxlonline.com,,0,60.011,60.128672
192,https://www.nadermhs.com,,0,60.012,60.095712
236,https://www.heimkino.de,Heimkino online kaufen ¬ª Systeme & Anlagen,3626,4.825,4.959141
241,https://www.la-chapelle-des-lombards.com,,2886,2.922,2.97812
237,https://michianafamilycenter.org,Michiana Family Center,3994,6.1,6.190966
235,https://www.cslbeaumont.org,"Spirituality | Center for Spiritual Living, Beaumont | United States",6672,9.379,9.432615
238,http://www.sirmiospurghi.com,,3901,6.169,6.251886
243,http://www.cairnsconsultancy.com,,0,3.104,3.203292
239,https://www.cslbehring.gr,CSL Behring ŒïŒªŒªŒ¨Œ¥Œ±œÇ,7274,7.799,7.919173
242,https://www.capitaltalentbox.co.uk,Capital Talent Box,5171,5.949,6.024653
240,https://www.revotool.com,Home page,8488,9.352,9.432168
245,https://www.csl.co.cr,,3992,4.191,4.366324
246,https://www.premiumhydrosolutions.com,Premium Hydro Solutions | Hydrodemolition | Industrial Cleaning,4093,4.707,4.769984
244,http://www.checkfunnel.com,Home - Check Funnel,4924,5.607,6.173231
250,http://www.garciasclassiccarrestoration.com,garciasclassiccarrestoration.com,2264,2.392,2.454307
248,https://cslegnami.ch,CS LEGNAMI SA ‚Äì Falegnameria Cucine su Misura Lugano ‚Äì Credits PrincipeMorici,4905,5.88,5.964762
254,https://cslegalsolutions.com,,3208,3.257,3.339581
253,https://www.randmbespoke.com,Bespoke Kitchen Manufacturer | R & M Bespoke | Gifford,2889,4.356,4.411081
251,https://www.gut-mankartzhof.de,,5969,7.929,7.981616
249,http://www.fkw-metallbau.de,FKW-Metallbau GmbH Balkonsysteme & Stahlbau,7238,9.454,9.52698
255,https://www.cslauto.fr,Vente de V√©hicules d'Occasion | Csl Auto | 56 rue Joseph No√´l Drocourt,5156,6.39,6.469396
208,https://www.studiohdesign.co.nz,,0,60.013,60.076223
252,https://heyasgroup.com,Heyas Group,10453,11.578,11.638404
258,https://www.cskuhncpa.com,"Cecilia S Kuhn, CPA, PLLC: A professional tax and accounting firm in Alexandria, Virginia: Home",3983,4.297,4.436963
257,https://www.funkin-stylez.com,Urban Dance Battle | Funkin¬¥ Stylez | Nordrhein-Westfalen,6383,7.86,7.961606
256,https://www.procoto.com,,9517,9.529,9.641462
261,https://www.americanvisualanalytics.com,"American Visual Analytics | Laser Scanning and Surveying | Atlanta, GA | AVA",4513,5.411,5.464525
260,https://www.cslaruche.fr,"LA RUCHE, Centre Social - LA RUCHE",5139,6.884,6.949203
263,https://www.laoistoday.ie,Latest News for Laois - Laois Today,3338,5.945,6.02801
264,https://www.cslbd.net,CSLBD,2300,5.34,5.413465
267,https://www.logic-etudes.fr,Bureau d‚Äô√©tudes de structure de b√¢timent √† La Valette-du-Var,3420,4.061,4.123439
259,https://www.easternshoreeyecare.com,Optometrists & EyeCare | Fairhope AL | Eastern Shore Eye Care,12485,14.091,14.147248
262,http://smsec.com,smsec.com,9478,10.61,10.681633
268,https://www.ctef.com.my,HOME,4834,5.398,5.503505
265,https://www.ctegpr.com,"Colegio T√©cnico De Electricidad Galloza ‚Äì Aguada, Puerto Rico",8320,10.022,10.093189
232,https://www.altostimaestetica.com.br,,43660,43.671,43.796869
269,https://tsr-elsite.fi,Etusivu - TSR-ELSITE,4872,7.289,7.359699
270,https://www.cslapasserelle.fr,Centre social La Passerelle - Centre social la Passerelle,3503,5.412,5.492289
272,https://www.itaasph.com,ITaaS - IT as a Service,3406,4.956,5.027173
266,http://cslafrica.org,CSL ‚Äì Commodity Services Limited,9571,11.743,11.81163
275,https://www.cslewinlegalservices.co.uk,,3327,3.338,4.060165
271,https://ctega.com,Center For Testing And Engineering | Gas Leak Testing,7186,8.811,8.889273
273,https://mbcnj.org,Madison Baptist Church of New Jersey,5970,7.965,8.029281
278,https://sweetsfromthesoul.com,Sweets from the Soul: Cookie Decorating Cutters & Stencils,4013,5.13,5.205736
225,http://www.kenmorechiro.com,,0,60.608,60.723033
279,https://dotupdates.us,US DOT Biennial Update Portal | DOT Updates | Federal Applications Processor - Home,4821,5.954,6.008386
282,https://www.cslaundry.com.my,CS Laundry,2407,3.046,3.121526
276,https://www.makedisruptionwork.com,Make Disruption Work | Buy the #1 book on disruption,8014,9.194,9.286965
274,https://www.manateemarineunlimited.com,"Manatee Marine Unlimited - New and Used Boats, Service, Parts, and Financing in Palmetto, FL near Bradenton, and Anna Maria Island",9730,11.13,11.226417
284,https://schneiderlegal.com.au,"Schneider Legal - Criminal Law, Solicitor, Law Office",2375,2.778,2.895077
283,https://www.commworld-kc.com,"Kansas City VoIP Business Phone Service, Video Surveillance and Cloud",3858,4.465,4.52953
281,https://cslawyers.es,Lawyers Costa del Sol - CS Lawyers,5329,7.61,7.672808
288,https://southend.com.au,"Your Local Pub, Motel & Bistro | Southend Hotel Maroubra",3704,4.1,4.17606
286,http://www.cslfs.org,Winnipeg - Canada Sierre Leone Friendship Society,5395,6.023,6.100593
280,https://maninthemirror.org,"Man in the Mirror ‚Äì Go beyond ""Men's Ministry""",11640,12.188,12.23978
277,https://itcxp.com,ITCxp ‚Äì Experiences that feel like Discoveries,14566,16.35,16.419517
287,https://miller-elektrotechnik.de,Ihr Elektriker Ravensburg | Elektrotechnik Miller GmbH,8701,9.281,9.372184
292,https://dronelions.academy,,4739,4.773,4.838844
289,http://www.fersilconstrucoes.pt,"HOME | Fersil Constru√ß√£o Civil, Lda.",7553,8.153,8.216722
294,https://www.frenchpolishermanchester.co.uk,Barrdale French polishing and furniture repair based in Manchester,3012,4.343,4.416862
290,http://www.hillerfarms.com,Hiller Farms,7969,9.399,9.461947
291,https://www.gentily.nl,GENTILY. | Gorgeous lilies. True gentleman service.,7031,8.732,8.792907
293,https://2fgcoaching.nl,"2FG coaching en advies voor hoogbegaafden, ondernemers en managers",5042,7.621,7.6804
285,https://www.caritashospitalsfoundation.org,Covenant Foundation,12411,14.554,14.667669
295,https://www.ivaschickendinners.com,Iva's Chicken Dinners,4414,6.113,6.180573
298,https://cslhire.com,CSL HIRE,4487,5.008,5.128733
296,https://ambientchiropracticandwellness.com,"Ambient Chiropractic & Wellness, In Torrance, CA",5763,6.889,6.96473
301,https://www.thesame.com.au,The Same Design,2948,4.599,4.687682
300,http://www.theoldpostofficelanchester.com,"Luxury Bed & Breakfast | Lanchester, Co. Durham",6097,6.572,6.671293
297,https://destinhotyoga.com,"Destin Hot Yoga ‚Äî Hot Yoga Destin, Inc.",7614,8.507,8.635569
305,https://www.csldaycamps.com,Cote Saint-Luc Day Camps,3466,4.257,4.31686
299,https://thecooksedge.com,The Cook's Edge,8879,10.071,10.166873
309,http://www.cslinks.com,,0,2.226,2.383931
302,https://dolcespa.ca,"Dolce Spa Surrey BC | Your personal spa sanctuary in Surrey, BC",6797,7.938,8.023466
308,http://www.winvicta.com,,3140,3.155,3.25236
307,https://www.fusiontransport.com,Delivering Next-Generation Logistics Solutions | Fusion Transport,4219,5.365,5.42561
247,https://csleeattorney.com,,0,60.013,60.103454
310,https://cslinth.ch,Christliche Schule Linth | Homepage der christlichen Schule Linth,4421,5.445,5.537705
304,https://www.baumwollortho.com,Baumwoll Orthodontics,9940,11.318,11.378358
314,https://www.cslittles.com,Crystale's Little Scholars ‚Äì Where tiny minds grow!,4513,5.056,5.138854
315,https://www.csleathergoods.com,Shop our great selection of products - Crimson Serpents Outpost,5008,6.189,6.277046
306,https://fashionablehats.com,Fashionable Hats | Best Hat Styles for Men & Women,12301,14.463,14.530982
316,https://www.boivin-et-therrien.com,"√âlectricien Ville de Qu√©bec | Boivin & Therrien, ma√Ætres √©lectriciens",6540,8.851,8.963444
318,https://www.csleisure.com,CS Leisure - uw fabrikant & leverancier van wellness producten,5121,6.703,6.791438
312,https://www.fischer.it,Home - fischer,9737,12.546,12.619352
319,https://www.bereadrug.com,Berea Drug - Berea Drug | Your Local Berea Pharmacy,5775,7.78,7.833654
311,https://www.moka-professional.com,Specialised in high-quality powdered beverage mixes,11392,14.554,14.63872
320,https://www.raftingenandalucia.com,"Rafting en Andaluc√≠a, Barranquismo y Aventura | Saltar√≠os",4681,7.626,7.714504
324,http://www.regenero.hu,,3075,3.158,3.244699
317,https://erswest.com,Home - ERS,8681,12.074,12.755425
321,https://www.miele-bkk.de,BKK Miele - Qualit√§t f√ºr die Gesundheit: BKK Miele,3346,8.01,8.093864
322,https://piensossegre.com,Piensos del Segre,4709,7.553,7.645874
325,https://www.reifenservice-ruppel.de,Reifenservice | Bayreuth | Reifenservice Ruppel,5376,6.289,6.360295
328,http://www.cslm.at,,3618,3.789,4.001506
326,https://construction-solutionsllc.com,CONSTRUCTION SOLUTIONS ‚Äì Award Winning Design/Build,5111,5.893,5.955877
327,https://www.newheightsinsurance.com,"Crane Insurance | New Heights Insurance Solutions - Crane insurance solutions including crane operators insurance, mobile crane insurance and boom truck insurance.",5985,6.295,6.425188
329,https://www.frutossecoseyma.es,"INICIO - Frutos Secos EYMA El mejor sabor, el mejor tueste %",5105,6.357,6.430981
333,http://guniad.com,Guniad ‚Äì Peritaciones Profesionales,3476,4.048,4.112659
334,https://www.maroquineriepirlot.shop,Maroquinerie Pirlot | Boutique Artisan | Namur,2572,4.26,4.322755
331,http://www.liberty-nc.com,"Liberty, NC |",5559,6.944,7.013093
332,https://www.cko-oberhausen.de,Praxis f√ºr Chirurgie & Koloproktologie | Koloproktologie | Oberhausen,4169,6.593,6.660039
330,http://www.taymin.com,Mantenimiento industrial | Empresa Taymin,6683,9.394,9.452456
335,https://ksportusa.com,Ksport USA - Aftermarket Suspension and Performance Parts,3459,6.157,6.263059
337,https://www.phoenix-software.net,Phoenix Software | Software development,3363,4.476,4.560936
338,https://penndellock.com,Penn-Del Lock | Professional Locksmith | Rehoboth Beach DE,3723,4.364,4.447118
336,https://www.carpetdepotaz.com,"Discount Carpet and Flooring Store | Wholesale Pricing | Phoenix, AZ",5406,7.067,7.165875
339,http://cslittleleague.com,Central Saanich Little League ‚Äì Community Non-Profit Baseball,4837,5.169,5.25872
340,https://www.metreco.com,Metreco | Smart Mobile Measuring,4957,5.969,6.040102
342,https://trendyworkwearuy.com,Trendy Work Wear - Trendy Work Wear,4134,6.047,6.120728
343,http://www.cslinkage.com,"Best Japanese car auctions for export to Russia,Japan car auctions with shipping to Russia, How to buy used cars from Japan auctions export to Russia",4290,6.776,6.8419
344,https://www.oakshed.net,Oakshed Car Cosmetics - Oakshed,5992,6.794,6.870115
341,https://rohi.com.br,ROHI ‚Äì Consultoria e Corretora de Seguros,7813,9.864,9.938689
348,https://www.bagnara-stonecare.net,Bagnara StoneCare - Reinigung und Pflege von Naturstein - Pulizia e cura di pietra naturale,3916,4.563,4.643027
345,http://www.wiseattorney.com,"lawyer, Jeffrey M. Wise, P.C. Oklahoma City, OK Home",8842,9.007,9.071178
346,https://web.csl-media.com,ÂΩ∞‰∏âÂΩ±Ë¶ñË£Ω‰Ωú - CSLmedia Productions - a Taiwan based video production company,8722,9.025,9.081141
347,https://www.gen2sa.co.za,Gen2 SA | Business Software Solutions | South Africa,6947,7.473,7.548146
350,https://www.surfcoasthearing.com.au,Home - Surfcoast Hearing,3478,4.105,4.174323
349,https://www.clotureetportailconcept.fr,Entreprise de Cl√¥ture Portail √† Pessac | Cl√¥ture et Portail Concept,5261,5.939,6.019509
323,https://www.umanarq.com.ar,Uman Arquitectura ‚Äì Otro sitio realizado con WordPress,30304,31.864,31.954927
354,https://www.cslsystems.net,CSL Systems,3537,3.944,4.01287
352,https://dustinandcorynn.com,Dustin & Corynn | Fort Wayne Wedding Photography | Home,4303,5.572,5.638283
353,https://www.dogstays.lu,DogStays- Find The Right Dog Sitter For Your Dog,5121,5.696,5.749822
358,https://www.modim3d.com,,1771,1.788,1.886341
351,https://thefenceguy.ca,Hamilton Fence Company - The Fence Guy,7751,8.35,8.430633
355,https://www.enfu.cl,ENFU LTDA,5080,6.412,6.490385
356,https://www.hoopesdental.com,"Hoopes Dental | Implants, Dentures, Sleep Apnea, Botox, PRP Dentist in Ogden, UT",6056,7.585,7.652328
357,http://www.twinlakessportsclub.com,Twin Lakes Sports Club - Home,6440,6.998,7.06364
359,https://www.bidwizer.com,BidWizer,4131,5.494,5.584635
361,http://www.morgancaplaneequestrian.com,Home,4030,4.381,4.447715
362,https://www.grovecityymca.org,Franklin / Grove City YMCA ‚Äì Building Better Communities,5301,5.699,5.768842
366,http://www.berlin-panter-group.com,,0,2.703,2.787092
360,http://www.bio-match.com,ÂπøÂ∑û‰Ω∞ËøàËµ∑ÁîüÁâ©ÁßëÊäÄÊúâÈôêÂÖ¨Âè∏,6031,7.141,7.217651
364,https://www.arendalsbryggeri.no,Arendals Bryggeri AS,4439,5.455,5.534102
372,http://www.cslreddeer.org,,0,0.179,0.227037
303,http://tortinorestaurant.com,,0,60.01,60.08561
365,https://trevedi.de,IT-Support und Consulting aus K√∂ln. Office 365 und Cloud-Betreuung.,4969,5.854,5.993285
367,http://www.shinningweb.com,,4543,4.708,4.793466
368,http://www.sing100.com,,5879,5.923,5.978482
371,http://www.pnvictorychurch.org.nz,Palmerston North Victory Christian Church,2032,3.7,3.75951
369,https://www.cslilasnatation.fr,CS Lilas Natation,5248,5.848,5.946454
376,http://www.aquavana.com,,2772,2.941,3.02809
370,https://www.rokosan.com,√övodn√° str√°nka,5937,7.113,7.16323
373,http://www.hotelcostasanjuan.com,Habitaciones y Bungalows - Costa San Juan,6123,7.089,7.145864
374,https://majesticlivingwaters.com,Home - Majestic Living Waters MinistryMajestic Living Waters Ministry,6643,7.45,7.511132
377,http://www.testedminds.com,Tested Minds,3674,4.614,4.722167
313,https://www.cslitdist.com,,0,60.018,60.08505
379,https://csllvlighthouse.org,Center for Spiritual Living Livermore Valley Center for Spiritual Living Livermore Valley Lighthouse,3800,4.354,4.405078
381,https://www.cslm.online,Christian School Leadership Ministries,3338,3.824,3.904914
380,http://www.hakvelkoobchod.cz,"HAK velkoobchod, s.r.o.",5149,7.668,7.724553
383,http://www.csltorino.com,Centro Salute Lingotto,4444,4.766,4.965572
386,http://www.csltennisclub.com,C√¥te Saint-Luc Tennis Club | Outdoor tennis club,3385,5.306,5.362085
382,https://lilmeentertainments.co.uk,Children's Entertainers,5934,7.999,8.080909
378,http://www.cslm.cl,Inicio | Colegio San Luis de Miraflores,10993,12.226,12.323958
385,https://www.studiocrachi.com,Home,6957,8.065,8.151632
391,http://www.firedefence.ae,,0,1.019,1.09508
389,http://www.gseweb.nl,,3440,3.602,3.67183
394,https://www.perolaengenharia.com.br,,0,0.299,0.39984
387,https://marisamuzio.it,Flow for excellence | Marisa Muzio,6532,7.331,7.403206
388,https://perf91.com,Perf 91 ‚Äì INSTITUT DE FORMATION DU SECTEUR SOCIO-EDUCATIF,4993,6.075,6.161968
395,https://walkersandsitters.co.uk,Walkers and Sitters,2111,2.62,2.681563
396,https://www.gutscheincode.org,Gutscheincode - Die besten Gutscheine und Rabattcodes,3106,3.498,3.586587
392,http://hedgingfx.fr,,4537,5.931,5.999831
393,https://www.csloatlpc.com,"CSLOATLPC, ROUND ROCK, Clinical Hypnotherapy, Counseling, Coaching,",3861,6.352,6.460697
397,https://cslvictoria.org,Centre for Spiritual Living Victoria,5670,5.954,6.014305
400,https://mdrsf.com,MARINA DEL REY SPORTFISHING ‚Äì Fun Safe Affordable!,3784,5.453,5.520871
399,http://www.bestattungen-mehl.de,Bestattungen Christa Mehl | Inh.: Klaus-Dieter Schulz,6935,7.496,7.570024
402,https://www.diamond-index.com,Diamond INDEX | Diamond Index,4346,5.83,5.886776
390,https://www.grosvenorgrass.co.uk,Grosvenor Grass - Norfolk and Suffolk Artificial Grass Suppliers & Installers,14370,15.057,15.15432
403,https://www.iss.edu.sg,International IB school | ISS International School,6674,8.456,8.550192
407,https://marodiimoveis.com.br,,3547,3.675,3.73311
401,https://www.peleclinicadermatologia.com.br,Pele Cl√≠nica | Dermatologia,11753,12.005,12.082271
405,https://cslreporting.com,"Lexington KY Court Reporting - Collins, Sowards, Lennon Reporting, LLC",7008,7.25,7.311703
404,https://www.cslredlands.org,Welcome to CRS Redlands! - CRS Redlands,8214,8.732,8.808112
408,https://www.dynamicdevelopmentstrategies.com,Nonprofit Consulting | Fort Worth DFW | Dynamic Development Strategies,2459,3.087,3.179861
412,http://www.chinaaolida.com,,0,0.565,0.618186
406,https://www.ribbonwriter.com,Ribbon Writer | Online Shop,7531,8.172,8.243771
398,http://silma-srl.it,SILMA SRL ‚Äì The Human Technology,17532,18.384,18.464499
415,https://cslsouthernnevada.org,,0,0.898,0.95594
413,http://www.gitarrenschule-rangsdorf.de,Gitarrenschule Rangsdorf - Gitarrenunterricht in Rangsdorf - Startseite,3628,4.437,4.529761
410,https://bowineschool.com,Bowine International School (Creche | Nursery | Primary) - Bowine International School,6718,9.049,9.123168
414,https://deutrechtsetandartspraktijk.nl,Tandarts Utrecht Kanaleneiland | De Utrechtse Tandarts,7449,9.376,9.477627
416,https://marseille-osteopathe.fr,Ost√©opathe Marseille ‚Äì Cabinet d'ost√©opathie √† Marseille 13012,5664,7.922,7.974592
363,https://www.campingdubournat.fr,,52801,52.819,52.88177
411,http://www.holyrosarymemphis.org,"Holy Rosary Private Catholic School | Memphis, TN",8617,12.293,12.346494
409,https://www.propertytrackinc.com,Home - Property Track,11229,13.859,13.92498
418,https://www.caputmundiwines.com,Wine Importer | Caput Mundi Wine Import | Fine Italian Wine/ Florida,5348,8.633,8.693351
422,https://www.lifesearch.com,LifeSearch - The UK's Leading Life Insurance Broker,3681,4.311,4.448188
423,https://www.wilsonseniorbenefits.com,Home | Sarah Wilson,3811,4.985,5.114313
421,http://www.nhp.ro,Hirsch Marinescu & Partners,5583,8.477,8.569962
419,https://www.studio3.salon,Studio 3 Salon | Hair Studio in the Heart of the Kingsway,8540,11.284,11.40995
420,https://www.apunte.es,Apunte ‚Äì Estrategia | Direcci√≥n | Finanzas | Business Intelligence,7016,10.156,10.224245
425,https://www.payspecs.com,PaySpecs,5175,6.769,6.860067
424,https://www.csm.com.co,Clinica Santa Maria S.A.S - Servicios de salud con calidad humana,7941,9.332,9.442005
427,http://berkshiregreensepticservice.com,Coming Soon,3972,5.188,5.277859
426,https://tristategastro.net,Colonoscopy Northern Kentucky and Cincinnati Tristate Gastro,4560,6.916,6.986438
417,https://coastroadmotors.com.au,"Coast Road Motors | Marine Service Centre | Quintrex, Classic Craft, Yamaha, BBB Dealer",20323,21.5,21.560102
429,https://www.embedded-lab.co.in,IoT | Embedded Electronics Lab | Shiv Nadar University | Greater Noida,3986,5.491,5.58856
430,http://www.pitagrillkosher.com,Pitagrill Kosher - Official Website | Order Online Direct,4512,5.94,6.017619
375,https://www.kristenhookphotography.com,,0,60.105,60.235409
432,https://aussermayr.com,Alexander Au√üermayr - SEO Consultant (‚â† Agentur) in Salzburg üöÄ,3991,5.022,5.203767
431,https://3sustainability.com,3sustainability,4628,7.604,7.711768
428,https://www.mla-chartres.fr,MISSION LOCALE DE L‚ÄôARRONDISSEMENT DE CHARTRES,8061,10.253,10.363423
436,https://www.enumerista.com,Enumerista LLC,3044,4.682,4.757684
434,https://www.wtmetall.se,WT METALL NORDEN,5020,7.514,7.589216
435,https://www.kiteboarding-club.com,"KBC: Kitesurf, Wingfoil, Reisen, Events an den sch√∂nsten Spots weltweit",5015,7.654,7.839884
433,http://www.csmicl.com.tw,"CHIEN SHENG MACHINE IND. CO., LTD.",7670,10.946,11.020319
384,http://www.forle.com.ng,,0,60.46,60.607393
439,https://www.mediawide.com,Mediawide | Personalized Videos & Creative Management Platform,5169,6.67,6.769954
440,https://californiachoiceenergyauthority.com,Home - California Choice Energy Authority,4183,6.532,6.635829
442,https://topoverlag.com,Topo.Verlag - Das Buch zum Berg ‚Äì Topoverlag,3860,5.967,6.113847
441,https://fitnessventuresllc.com,Home - Fitness Ventures LLC,5467,7.348,7.422059
443,http://www.buzzwinebeershop.com,Our Bar ‚Äì Buzz Wine Beer Shop,5946,7.117,7.196294
447,https://longmontcoloradochiropractor.com,Longmont Chiropractor | Chiropractic Care | Longmont CO,2608,4.509,4.681749
444,https://csltampabay.org,CSL Tampa Bay,4159,6.864,6.955262
449,http://www.tinkering-unlimited.com,Site not found ¬∑ DreamHost,3358,3.63,3.711766
446,https://www.guymezger.com,Mezger Martial Arts,3743,5.576,5.798727
445,https://www.balboawatergroup.com,Balboa Water Group -,6217,6.947,7.019572
451,https://www.tiptop-photos.fr,,2837,2.856,2.946297
457,http://www.csmagnet.com,,0,1.008,1.095923
454,https://www.cityofsouthfield.com,Home | City of Southfield,2219,3.375,3.477276
455,https://www.csmachineworks.com,C&S Machine Works | Machine Shop | Mocksville,2515,3.855,3.9562
453,http://csmaadviser.com,"Colorado Student Media Adviser Resources ‚Äì Where to find links, resources and inspiration for CSMA advisers",4945,5.313,5.396654
450,https://www.zahnaerzte-poellnitz.de,Zahnarztpraxis Dipl. -Stomatologe Friedrich-Wilhelm P√∂llnitz,7596,8.309,8.441393
452,http://www.mexicoenrenta.com.mx,Renta de Departamentos DF | Mexico en Renta,6517,6.841,6.910291
459,https://www.sentry-selfstorage.com,Sentry Self Storage Management,3255,3.605,3.670386
456,https://nationalrecruitingnetwork.com,National Recruiting Network ‚Äì Recruiting Made Easy,6723,8.014,8.084311
460,https://www.purerejuvenation.co.uk,"Massage | Pure Rejuvenation | Essex & London, England",3159,5.365,5.424321
463,https://delcosportsmuseum.org,Delco Sports Museum.org | ¬ª Mickey Vernon Sports Museum,5668,7.403,7.474608
466,http://sevencollective.org,,3996,4.011,4.080895
461,https://lyonsandlyons.ca,Tax Accountant | Lyons & Lyons | Fraser Valley Accounting Firm,6654,9.221,9.291989
462,https://www.cgra.be,CGVS | Commissariaat-generaal voor de Vluchtelingen en de Staatlozen,6334,9.076,9.132146
465,https://www.marie-architecte.fr,MyWebsite,4691,6.61,6.686955
458,http://www.australplant.cl,,0,14.049,14.109507
464,https://www.borlas.ru,–ì—Ä—É–ø–ø–∞ ¬´–ë–æ—Ä–ª–∞—Å¬ª,7195,9.203,9.263546
448,https://www.gozerog.com,Take Your First Step Into Space & Be Part Of The Zero-G Experience¬Æ,21920,25.03,25.152267
467,http://www.csmascensori.com,C.S.M. Lift Ascensori e soluzioni per il sollevamento,4586,7.849,7.918966
471,https://www.archicoachproject.com,Studio di Architettura e Interior Design,4964,6.818,6.893112
468,https://www.truckworksolathe.com,Truck Works Of Olathe - Aftermarket Parts and Upgrades for Pickup Trucks and SUVs,6871,9.715,9.777964
473,https://vieranetworks.com,"Viera Networks ‚Äì ""Internet Development""",6659,7.052,7.180232
472,https://smileychiropractic.com,"Smiley Chiropractic - Personal Injury Chiropractor in Garland, TX",7135,8.259,8.414589
470,https://www.avail.co,Avail Landlord Software: Online Rental Property Management Tools for Landlords,10484,11.228,11.300009
469,https://sophielashes.ro,Sophie Lashes Shop,11393,12.741,12.838452
475,https://edenbookstore.com,Eden Books ‚Äì Love Stories,5923,7.592,7.660061
478,http://www.servisol.mx,Index of /,5201,5.433,5.521019
474,https://reachingmilestones.org,Milestones ECC Child care | Menomonie & Chippewa Falls WI,8372,9.479,9.628584
477,https://www.mbe-menden.de,Home - MBE - Moderne Befestigungselemente - Menden,6640,7.417,7.494003
479,https://mattopizza.co.uk,Matto Pizza ‚Äì Not Your Normal Pizza,5111,7.347,7.405696
482,https://www.nisswasmiles.com,Nisswa Smiles Dental Office,3744,4.582,4.653744
483,https://philshandyservicellc.com,"#1 Hartselle Handyman, Phil‚Äôs Handy Service LLC | Handyman Near Me | Handyman Services | Handyman Hartselle, Athens, Huntsville, Madison, Decatur, Priceville, Cullman",4357,5.992,6.056419
486,http://www.csmax.com.my,DFruit Trading,2864,3.226,3.310688
481,https://hmtsa.es,Bombas Hidr√°ulicas en Barcelona - Banco de Pruebas Hidr√°ulicas - HMT,7770,8.878,8.982996
485,https://www.csm.edu.mt,SfCE ‚Äì Secretariat for Catholic Education,6201,6.5,6.574509
491,http://www.csm156.com,,0,0.308,0.367539
487,https://www.digitalassur.be,Frank De Neve - Hoger bedrijfsrendement door vereenvoudiging - Frank De Neve,5074,5.477,5.538276
488,https://www.bettersmilesvt.com,"Dentist In Burlington And Jericho, VT | Dunkling And Penney Dentistry",4802,6.005,6.089078
492,https://www.eastbaycraniosacral.com,east bay craniosacral,3494,4.594,4.655768
490,https://medeor.cc,Home - Medeor MedTech,5971,8.602,8.661143
494,https://www.minutemanaviation.net,Home | Minuteman Jet Center,3672,4.107,4.206429
489,https://www.myagentpogos.com,State Farm Insurance Agent Pogos Ichmelyan in Glendale CA,9942,10.848,10.91388
437,https://csltacoma.org,,0,60.011,60.084287
438,https://relationshipcenterky.com,,0,60.028,60.134869
495,https://www.csm79.com,"Constructions m√©talliques Mazi√®res-en-G√¢tine, 79, CSM 79",4578,6.523,6.683931
496,https://www.mtarina.com,Tuotantoyhti√∂ | Videotuotanto | MTarina | Espoo,4018,4.609,4.66393
499,https://stclairesq.com,Home - stclairesq.com,2971,3.646,3.703277
493,https://www.pension-fent.com,Hotel garni | Pension Fent | Bad F√ºssing | Pensionen Therme Passauer Land Hotel garni Bad F√ºssing Thermen Bayern ‚Äì Fr√ºhst√ºckspension | Bad F√ºssing | Therme 1,11561,12.807,12.89448
497,https://cuajoscaporal.com,cuajoscaporal.com - Cuajos Caporal,5422,7.498,7.58206
500,http://www.wiciko.com,Wiciko Ic - IT Solutions and Technology Company In Kenya,6000,6.925,8.346282
498,https://www.csm1973.it,CSM1973 ‚Äì Centro Sportivo Merone ‚Äì Piscine e Palestre Merone,9739,10.662,10.732449
476,https://www.milestonefreight.com,,0,60.014,60.115268
480,http://csm-training.co.uk,,0,60.015,60.093557
484,https://www.flackrabbit.net,,0,60.013,60.108072
